"point","id","hzid","top","bottom","texture","sand","silt","clay","color","red","green","blue","depletions","concentrations","first_letter_code","htm","intermingle_body","matrix_color","lon","lat"
"1",250308,"Ap",0,28,"loamy_sand",82.2,11.535,6.265,"#6E5E4BFF",0.432479607618406,0.367561696190658,0.294406483459129,0,0,1,0,0,"10YR4/2",-9321426.9554,3819974.8461
"1",250309,"AB",28,52,"sandy_clay_loam",57.8,13.9,28.3,"#855628FF",0.520972226519258,0.337551851173978,0.15629626380523,0,0,1,0,0,"7.5YR4/6",-9321426.9554,3819974.8461
"1",250310,"Bt1",52,92,"sandy_clay_loam",60.15,14.9,24.95,"#855628FF",0.520972226519258,0.337551851173978,0.15629626380523,0,0,2,0,0,"7.5YR4/6",-9321426.9554,3819974.8461
"1",250311,"Bt2",92,115,"sandy_loam",66.05,15.8,18.15,"#855628FF",0.520972226519258,0.337551851173978,0.15629626380523,0,0,2,0,0,"7.5YR4/6",-9321426.9554,3819974.8461
"1",250312,"Ab",115,135,"sandy_loam",73.25,14.4,12.35,"#604026FF",0.376458621305308,0.252292330269399,0.147759502056216,0,0,1,0,0,"7.5YR3/4",-9321426.9554,3819974.8461
"1",250313,"Btb1",135,165,"sandy_loam",67.8,12.5,19.7,"#AA6D27FF",0.666108348481435,0.426894637628799,0.154732757924367,0,0,2,0,0,"7.5YR5/8",-9321426.9554,3819974.8461
"1",250314,"Btb2",165,190,"sandy_loam",70.1,10.8,19.1,"#AA6D27FF",0.666108348481435,0.426894637628799,0.154732757924367,1,0,2,0,0,"7.5YR5/8",-9321426.9554,3819974.8461
"10",250344,"Ap",0,25,"loamy_sand",79.5,13.225,7.275,"#795B36FF",0.472691508652081,0.35735626513352,0.212414841208295,0,0,1,0,0,"10YR4/4",-9321430.1,3820098.1431
"10",250345,"BA",25,45,"sandy_clay",49.45,13.85,36.7,"#7D593AFF",0.488397126185639,0.349362062820934,0.229243737407669,0,0,2,0,0,"7.5YR4/4",-9321430.1,3820098.1431
"10",250346,"Bt1",45,70,"sandy_clay",48.05,14.15,37.8,"#855628FF",0.520972226519258,0.337551851173978,0.15629626380523,0,0,2,0,0,"7.5YR4/6",-9321430.1,3820098.1431
"10",250347,"Bt2",70,104,"sandy_clay",49.6,11.8,38.6,"#855628FF",0.520972226519258,0.337551851173978,0.15629626380523,0,0,2,0,0,"7.5YR4/6",-9321430.1,3820098.1431
"10",250348,"Bt3",104,150,"sandy_clay",55.05,9.7,35.25,"#A3711CFF",0.638113921369183,0.442354666945537,0.108705747862766,0,0,2,0,0,"10YR5/8",-9321430.1,3820098.1431
"11",250349,"Ap",0,22,"loamy_sand",85.45,9.15,5.4,"#5C4222FF",0.361873759572945,0.25989391202173,0.133752109711314,0,0,1,0,0,"10YR3/4",-9321273.288,3820102.1801
"11",250350,"BA",22,41,"sandy_loam",67.2,15.1,17.7,"#634008FF",0.387081079421887,0.251443575902701,0.0328349861853681,0,0,2,0,0,"10YR3/6",-9321273.288,3820102.1801
"11",250351,"Bt1",41,81,"sandy_clay_loam",62.9,14.4,22.7,"#855628FF",0.520972226519258,0.337551851173978,0.15629626380523,0,0,2,0,0,"7.5YR4/6",-9321273.288,3820102.1801
"11",250352,"Bt2",81,112,"sandy_clay_loam",54.2,11.85,33.95,"#89542FFF",0.536623416931948,0.327779698883437,0.18354006337042,0,0,2,0,0,"5YR4/6",-9321273.288,3820102.1801
"11",250353,"Bt3",112,150,"sandy_clay_loam",57.6,11.1,31.3,"#9C7337FF",0.613039703549513,0.450352989954951,0.216677275892247,1,1,2,0,0,"10YR5/6",-9321273.288,3820102.1801
"12",250354,"Ap",0,29,"loamy_sand",83.9,9.59,6.51,"#745C41FF",0.454480088447122,0.362215367450688,0.253726831161974,0,0,1,0,0,"10YR4/3",-9321116.4758,3820106.2149
"12",250355,"BA",29,41,"sandy_clay_loam",56.3,13.2,30.5,"#604026FF",0.376458621305308,0.252292330269399,0.147759502056216,0,0,2,0,0,"7.5YR3/4",-9321116.4758,3820106.2149
"12",250356,"Bt1",41,68,"sandy_clay_loam",58.45,14.45,27.1,"#7F583FFF",0.498562877493358,0.343312649829985,0.247730598344407,0,0,2,0,0,"5YR4/4",-9321116.4758,3820106.2149
"12",250357,"Bt2",68,118,"sandy_clay_loam",57.25,10.35,32.4,"#89542FFF",0.536623416931948,0.327779698883437,0.18354006337042,0,0,2,0,0,"5YR4/6",-9321116.4758,3820106.2149
"12",250358,"Bt3",118,154,"sandy_clay_loam",60.35,9.8,29.85,"#89542FFF",0.536623416931948,0.327779698883437,0.18354006337042,0,0,2,0,0,"5YR4/6",-9321116.4758,3820106.2149
"13",250359,"Ap",0,30,"loamy_sand",87.05,7.81,5.14,"#805921FF",0.500223290212621,0.348924928961193,0.12876944832402,0,0,1,0,0,"10YR4/6",-9320959.6633,3820110.2477
"13",250360,"BA",30,45,"sandy_loam",69,13.45,17.55,"#9C7337FF",0.613039703549513,0.450352989954951,0.216677275892247,0,0,2,0,0,"10YR5/6",-9320959.6633,3820110.2477
"13",250361,"Bt1",45,75,"sandy_clay_loam",61.3,13.3,25.4,"#AA6D27FF",0.666108348481435,0.426894637628799,0.154732757924367,0,0,2,0,0,"7.5YR5/8",-9320959.6633,3820110.2477
"13",250362,"Bt2",75,89,"sandy_clay_loam",58.65,12.4,28.95,"#AA6D27FF",0.666108348481435,0.426894637628799,0.154732757924367,0,0,2,0,0,"7.5YR5/8",-9320959.6633,3820110.2477
"13",250363,"Bt3",89,135,"sandy_clay_loam",56.9,9.75,33.35,"#A3711CFF",0.638113921369183,0.442354666945537,0.108705747862766,0,0,2,0,0,"10YR5/8",-9320959.6633,3820110.2477
"13",250364,"Bt4",135,150,"sandy_clay",51.9,9,39.1,"#BF8B37FF",0.750122969957232,0.545820482182252,0.215095532415422,0,0,2,0,0,"10YR6/8",-9320959.6633,3820110.2477
"14",250365,"Ap",0,29,"sand",89.05,6.84,4.11,"#5C4222FF",0.361873759572945,0.25989391202173,0.133752109711314,0,0,1,0,0,"10YR3/4",-9320802.8507,3820114.2784
"14",250366,"Bt1",29,51,"sandy_clay_loam",62.35,12.9,24.75,"#7F583FFF",0.498562877493358,0.343312649829985,0.247730598344407,0,0,2,0,0,"5YR4/4",-9320802.8507,3820114.2784
"14",250367,"Bt2",51,93,"sandy_clay",51.3,11.5,37.2,"#89542FFF",0.536623416931948,0.327779698883437,0.18354006337042,0,0,2,0,0,"5YR4/6",-9320802.8507,3820114.2784
"14",250368,"Bt3",93,150,"clay",44.55,7.8,47.65,"#8C5137FF",0.5506355491732,0.317803267210569,0.214267606183866,0,0,2,0,0,"2.5YR4/6",-9320802.8507,3820114.2784
"15",250369,"Ap",0,28,"loamy_sand",85.1,9.475,5.425,"#6E5E4BFF",0.432479607618406,0.367561696190658,0.294406483459129,0,0,1,0,0,"10YR4/2",-9320646.0378,3820118.307
"15",250370,"Bt1",28,65,"sandy_clay_loam",53.45,13.7,32.85,"#9C7337FF",0.613039703549513,0.450352989954951,0.216677275892247,0,0,2,0,0,"10YR5/6",-9320646.0378,3820118.307
"15",250371,"Bt2",65,87,"sandy_clay_loam",60.95,12.65,26.4,"#A3711CFF",0.638113921369183,0.442354666945537,0.108705747862766,0,0,2,0,0,"10YR5/8",-9320646.0378,3820118.307
"15",250372,"Bt3",87,123,"sandy_clay_loam",58,10.65,31.35,"#BF8B37FF",0.750122969957232,0.545820482182252,0.215095532415422,1,0,2,0,0,"10YR6/8",-9320646.0378,3820118.307
"15",250373,"Btv",123,150,"sandy_clay_loam",59.05,10.75,30.2,"#BF8B37FF",0.750122969957232,0.545820482182252,0.215095532415422,0,0,2,0,0,"10YR6/8",-9320646.0378,3820118.307
"16",250484,"Ap",0,30,"sand",87.4,7.9,4.7,"#5C4222FF",0.361873759572945,0.25989391202173,0.133752109711314,0,0,1,0,0,"10YR3/4",-9320489.2246,3820122.3335
"16",250485,"Bw",30,66,"loamy_sand",83.2,9.25,7.55,"#805921FF",0.500223290212621,0.348924928961193,0.12876944832402,0,0,2,0,0,"10YR4/6",-9320489.2246,3820122.3335
"16",250486,"Ab",66,83,"loamy_sand",81.2,11.29,7.51,"#805921FF",0.500223290212621,0.348924928961193,0.12876944832402,0,0,1,0,0,"10YR4/6",-9320489.2246,3820122.3335
"16",250487,"Bwb",83,155,"loamy_sand",85.5,8.47,6.03,"#C9AB81FF",0.788974560813402,0.66878318014695,0.504075369797917,0,0,2,0,0,"10YR7/4",-9320489.2246,3820122.3335
"16",250488,"C",155,180,"sand",90.3,5.37,4.33,"#A3711CFF",0.638113921369183,0.442354666945537,0.108705747862766,0,0,3,0,0,"10YR5/8",-9320489.2246,3820122.3335
"17",250468,"Ap",0,18,"sand",89.1,6.83,4.07,"#745C41FF",0.454480088447122,0.362215367450688,0.253726831161974,0,0,1,0,0,"10YR4/3",-9320332.4113,3820126.358
"17",250469,"BA",18,29,"sandy_loam",74.4,11.8,13.8,"#7D593AFF",0.488397126185639,0.349362062820934,0.229243737407669,0,0,2,0,0,"7.5YR4/4",-9320332.4113,3820126.358
"17",250470,"Bt1",29,77,"sandy_loam",72.2,12.9,14.9,"#855628FF",0.520972226519258,0.337551851173978,0.15629626380523,0,0,2,0,0,"7.5YR4/6",-9320332.4113,3820126.358
"17",250471,"Bt2",77,116,"sandy_clay",54.6,7.9,37.5,"#89542FFF",0.536623416931948,0.327779698883437,0.18354006337042,0,0,2,0,0,"5YR4/6",-9320332.4113,3820126.358
"17",250472,"Bt3",116,150,"sandy_clay_loam",69.6,8,22.4,"#AF6932FF",0.688099272097346,0.413111925450901,0.195377848953441,0,0,2,0,0,"5YR5/8",-9320332.4113,3820126.358
"18",250517,"Ap",0,25,"sand",87.4,7.91,4.69,"#745C41FF",0.454480088447122,0.362215367450688,0.253726831161974,0,0,1,0,0,"10YR4/3",-9320175.5977,3820130.3804
"18",250518,"BA",25,38,"sandy_clay_loam",53.2,12.4,34.4,"#7F583FFF",0.498562877493358,0.343312649829985,0.247730598344407,0,0,2,0,0,"5YR4/4",-9320175.5977,3820130.3804
"18",250519,"Bt1",38,77,"sandy_clay_loam",59.9,12.5,27.6,"#89542FFF",0.536623416931948,0.327779698883437,0.18354006337042,0,0,2,0,0,"5YR4/6",-9320175.5977,3820130.3804
"18",250520,"Bt2",77,119,"clay",28.5,5,66.5,"#8C5137FF",0.5506355491732,0.317803267210569,0.214267606183866,0,0,2,0,0,"2.5YR4/6",-9320175.5977,3820130.3804
"18",250521,"Bt3",119,150,"clay",33.4,5.4,61.2,"#964C26FF",0.589595480781425,0.296274391479315,0.150827675798894,0,1,2,0,0,"2.5YR4/8",-9320175.5977,3820130.3804
"19",250503,"Ap",0,18,"loamy_sand",85.2,7.45,7.35,"#5C4222FF",0.361873759572945,0.25989391202173,0.133752109711314,0,0,1,0,0,"10YR3/4",-9320018.7838,3820134.4007
"19",250504,"BA",18,33,"sandy_clay",45,8,47,"#633F2AFF",0.38762723375837,0.245647116051855,0.163662452657882,0,0,2,0,0,"5YR3/4",-9320018.7838,3820134.4007
"19",250505,"Bt1",33,60,"sandy_clay",48.3,7.9,43.8,"#8C5137FF",0.5506355491732,0.317803267210569,0.214267606183866,0,0,2,0,0,"2.5YR4/6",-9320018.7838,3820134.4007
"19",250506,"Bt2",60,98,"sandy_clay",50.9,8.2,40.9,"#964C26FF",0.589595480781425,0.296274391479315,0.150827675798894,0,0,2,0,0,"2.5YR4/8",-9320018.7838,3820134.4007
"19",250507,"Bt3",98,150,"sandy_clay",47.7,6.3,46,"#964C26FF",0.589595480781425,0.296274391479315,0.150827675798894,0,0,2,0,0,"2.5YR4/8",-9320018.7838,3820134.4007
"2",250315,"Ap",0,23,"loamy_sand",85.55,8.91,5.54,"#7D593AFF",0.488397126185639,0.349362062820934,0.229243737407669,0,0,1,0,0,"7.5YR4/4",-9321270.145,3819978.8828
"2",250316,"Bt1",23,50,"sandy_clay",45.05,11,43.95,"#703720FF",0.439732332298323,0.216684687996154,0.125332176594911,0,0,2,0,0,"2.5YR3/6",-9321270.145,3819978.8828
"2",250317,"Bt2",50,80,"clay",35.4,9.45,55.15,"#8C5137FF",0.5506355491732,0.317803267210569,0.214267606183866,0,0,2,0,0,"2.5YR4/6",-9321270.145,3819978.8828
"2",250318,"Bt3",80,125,"clay",29.05,5.65,65.3,"#8C5137FF",0.5506355491732,0.317803267210569,0.214267606183866,0,0,2,0,0,"2.5YR4/6",-9321270.145,3819978.8828
"2",250319,"Bt4",125,152,"clay",38.8,7.15,54.05,"#8C5137FF",0.5506355491732,0.317803267210569,0.214267606183866,0,0,2,0,0,"2.5YR4/6",-9321270.145,3819978.8828
"20",250374,"Ap",0,29,"loamy_sand",86.4,8.61,4.99,"#745C41FF",0.454480088447122,0.362215367450688,0.253726831161974,0,0,1,0,0,"10YR4/3",-9321433.2448,3820221.4415
"20",250375,"BA",29,52,"sandy_loam",72.45,14.3,13.25,"#7D593AFF",0.488397126185639,0.349362062820934,0.229243737407669,0,0,2,0,0,"7.5YR4/4",-9321433.2448,3820221.4415
"20",250376,"Bt1",52,71,"sandy_loam",74,14.35,11.65,"#855628FF",0.520972226519258,0.337551851173978,0.15629626380523,0,0,2,0,0,"7.5YR4/6",-9321433.2448,3820221.4415
"20",250377,"Bt2",71,123,"sandy_loam",75.1,13.6,11.3,"#855628FF",0.520972226519258,0.337551851173978,0.15629626380523,0,0,2,0,0,"7.5YR4/6",-9321433.2448,3820221.4415
"20",250378,"BC",123,150,"loamy_sand",83.15,10.41,6.44,"#8B530FFF",0.545715762929366,0.327286167036651,0.0571659281694475,1,0,2,0,0,"7.5YR4/8",-9321433.2448,3820221.4415
"21",250379,"Ap",0,27,"loamy_sand",85,9.295,5.705,"#745C41FF",0.454480088447122,0.362215367450688,0.253726831161974,0,0,1,0,0,"10YR4/3",-9321276.4312,3820225.4786
"21",250380,"BA",27,46,"sandy_loam",67.55,15.95,16.5,"#795B36FF",0.472691508652081,0.35735626513352,0.212414841208295,0,0,2,0,0,"10YR4/4",-9321276.4312,3820225.4786
"21",250381,"Bt1",46,73,"sandy_clay",49.7,14.45,35.85,"#9C7337FF",0.613039703549513,0.450352989954951,0.216677275892247,0,0,2,0,0,"10YR5/6",-9321276.4312,3820225.4786
"21",250382,"Bt2",73,113,"sandy_clay",47.4,10.8,41.8,"#9C7337FF",0.613039703549513,0.450352989954951,0.216677275892247,0,0,2,0,0,"10YR5/6",-9321276.4312,3820225.4786
"21",250383,"Bt3",113,152,"sandy_clay",50.55,9,40.45,"#A3711CFF",0.638113921369183,0.442354666945537,0.108705747862766,0,0,2,0,0,"10YR5/8",-9321276.4312,3820225.4786
"22",250384,"Ap",0,22,"loamy_sand",87.35,7.925,4.725,"#58432CFF",0.346399880773288,0.264324496865458,0.171618903245648,0,0,1,0,0,"10YR3/3",-9321119.6173,3820229.5136
"22",250385,"BA",22,41,"sandy_clay_loam",65.95,12.85,21.2,"#7D593AFF",0.488397126185639,0.349362062820934,0.229243737407669,0,0,2,0,0,"7.5YR4/4",-9321119.6173,3820229.5136
"22",250386,"Bt1",41,88,"sandy_clay_loam",56.7,12.3,31,"#89542FFF",0.536623416931948,0.327779698883437,0.18354006337042,0,0,2,0,0,"5YR4/6",-9321119.6173,3820229.5136
"22",250387,"Bt2",88,125,"clay",44.15,8.1,47.75,"#91501BFF",0.568257498233402,0.312398639612393,0.107626535097181,0,0,2,0,0,"5YR4/8",-9321119.6173,3820229.5136
"22",250388,"Bt3",125,150,"clay",43.86667,7.233333,48.9,"#AA6D27FF",0.666108348481435,0.426894637628799,0.154732757924367,0,0,2,0,0,"7.5YR5/8",-9321119.6173,3820229.5136
"23",240341,"Ap1",0,18,"loamy_sand",86.1,8.825,5.075,"#745C41FF",0.454480088447122,0.362215367450688,0.253726831161974,0,0,1,0,0,"10YR4/3",-9320962.8032,3820233.5465
"23",240342,"Ap2",18,32,"loamy_sand",86.95,8.095,4.955,"#745C41FF",0.454480088447122,0.362215367450688,0.253726831161974,0,0,1,0,0,"10YR4/3",-9320962.8032,3820233.5465
"23",240343,"Bt1",32,65,"sandy_clay_loam",65.5,12.25,22.25,"#9C7337FF",0.613039703549513,0.450352989954951,0.216677275892247,0,0,2,0,0,"10YR5/6",-9320962.8032,3820233.5465
"23",240344,"Bt2",65,100,"sandy_clay_loam",67.65,10.55,21.8,"#9C7337FF",0.613039703549513,0.450352989954951,0.216677275892247,0,1,2,0,0,"10YR5/6",-9320962.8032,3820233.5465
"23",240345,"Btv",100,159,"sandy_loam",71.3,9.25,19.45,"#9C7337FF",0.613039703549513,0.450352989954951,0.216677275892247,0,1,2,0,0,"10YR5/6",-9320962.8032,3820233.5465
"24",250389,"Ap",0,35,"sand",89.75,6.4,3.85,"#544535FF",0.328393328197016,0.268954612150501,0.20664306477238,0,0,1,0,0,"10YR3/2",-9320805.989,3820237.5774
"24",250390,"AB",35,60,"sandy_loam",75.25,16.085,8.665,"#4E463DFF",0.306775071525648,0.273993859011093,0.239517172559836,0,0,1,0,0,"10YR3/1",-9320805.989,3820237.5774
"24",250391,"Bt1",60,87,"sandy_loam",76.4,11.6,12,"#9C7337FF",0.613039703549513,0.450352989954951,0.216677275892247,0,0,2,0,0,"10YR5/6",-9320805.989,3820237.5774
"24",250392,"Bt2",87,101,"clay",44.25,10.25,45.5,"#A3711CFF",0.638113921369183,0.442354666945537,0.108705747862766,0,0,2,0,0,"10YR5/8",-9320805.989,3820237.5774
"24",250393,"Bt3",101,136,"clay",42.65,12.75,44.6,"#805921FF",0.500223290212621,0.348924928961193,0.12876944832402,0,1,2,0,0,"10YR4/6",-9320805.989,3820237.5774
"24",250394,"Bt4",136,150,"clay",43,11.4666667,45.533333,"#A3711CFF",0.638113921369183,0.442354666945537,0.108705747862766,0,0,2,0,0,"10YR5/8",-9320805.989,3820237.5774
"25",250395,"Ap1",0,24,"loamy_sand",85.8,9.2,5,"#775B44FF",0.46722647597231,0.355996721617838,0.26693819513457,0,0,1,0,0,"7.5YR4/3",-9320649.1745,3820241.6062
"25",250396,"Ap2",24,45,"loamy_sand",84.25,9.485,6.265,"#7D593AFF",0.488397126185639,0.349362062820934,0.229243737407669,0,0,1,0,0,"7.5YR4/4",-9320649.1745,3820241.6062
"25",250397,"Ab",45,90,"sandy_clay_loam",63.25,15.25,21.5,"#564436FF",0.337643309877762,0.264793407575455,0.213042579872497,0,1,1,0,0,"7.5YR3/2",-9320649.1745,3820241.6062
"25",250398,"Eb1",90,117,"loamy_sand",80.35,11.58,8.07,"#795B36FF",0.472691508652081,0.35735626513352,0.212414841208295,0,0,4,0,0,"10YR4/4",-9320649.1745,3820241.6062
"25",250399,"Eb2",117,163,"loamy_sand",80.05,11.37,8.58,"#9C7337FF",0.613039703549513,0.450352989954951,0.216677275892247,0,1,4,0,0,"10YR5/6",-9320649.1745,3820241.6062
"25",250400,"Eb3",163,183,"loamy_sand",82.7,10.21,7.09,"#A99264FF",0.662861082252112,0.572418528215225,0.392947209884661,1,0,4,0,0,"2.5Y6/4",-9320649.1745,3820241.6062
"25",250401,"Btb",183,200,"loamy_sand",83.45,9.235,7.315,"#B88D51FF",0.720619336639585,0.554310107009307,0.316143831212481,1,1,2,0,0,"10YR6/6",-9320649.1745,3820241.6062
"26",250498,"Ap",0,20,"loamy_sand",86.3,8.37,5.33,"#5C4222FF",0.361873759572945,0.25989391202173,0.133752109711314,0,0,1,0,0,"10YR3/4",-9320492.3597,3820245.633
"26",250499,"BA",20,42,"sandy_loam",71,12.3,16.7,"#7D593AFF",0.488397126185639,0.349362062820934,0.229243737407669,0,0,2,0,0,"7.5YR4/4",-9320492.3597,3820245.633
"26",250500,"Bt1",42,73,"sandy_loam",68.8,12,19.2,"#89542FFF",0.536623416931948,0.327779698883437,0.18354006337042,0,0,2,0,0,"5YR4/6",-9320492.3597,3820245.633
"26",250501,"Bt2",73,101,"sandy_clay_loam",64.7,11.9,23.4,"#AF6932FF",0.688099272097346,0.413111925450901,0.195377848953441,0,0,2,0,0,"5YR5/8",-9320492.3597,3820245.633
"26",250502,"Bt3",101,150,"sandy_clay_loam",60.8,8.5,30.7,"#AF6932FF",0.688099272097346,0.413111925450901,0.195377848953441,0,0,2,0,0,"5YR5/8",-9320492.3597,3820245.633
"27",250508,"Ap",0,30,"loamy_sand",81.8,9.34,8.86,"#89542FFF",0.536623416931948,0.327779698883437,0.18354006337042,0,0,1,0,0,"5YR4/6",-9320335.5448,3820249.6576
"27",250509,"BA",30,52,"clay",19.2,3.3,77.5,"#8C5137FF",0.5506355491732,0.317803267210569,0.214267606183866,0,0,2,0,0,"2.5YR4/6",-9320335.5448,3820249.6576
"27",250510,"Bt1",52,77,"clay",32.975,7.675,59.35,"#8C5137FF",0.5506355491732,0.317803267210569,0.214267606183866,0,0,2,0,0,"2.5YR4/6",-9320335.5448,3820249.6576
"27",250511,"Bt2",77,150,"clay",0,0,100,"#703720FF",0.439732332298323,0.216684687996154,0.125332176594911,0,0,2,0,0,"2.5YR3/6",-9320335.5448,3820249.6576
"28",250522,"Ap1",0,15,"loamy_sand",85,8.82,6.18,"#7D593AFF",0.488397126185639,0.349362062820934,0.229243737407669,0,0,1,0,0,"7.5YR4/4",-9320178.7295,3820253.6802
"28",250523,"Ap2",15,28,"sandy_loam",71.9,10.2,17.9,"#7F583FFF",0.498562877493358,0.343312649829985,0.247730598344407,0,0,1,0,0,"5YR4/4",-9320178.7295,3820253.6802
"28",250524,"Bt1",28,52,"clay",43.8,9.7,46.5,"#8C5137FF",0.5506355491732,0.317803267210569,0.214267606183866,0,0,2,0,0,"2.5YR4/6",-9320178.7295,3820253.6802
"28",250525,"Bt2",52,123,"clay",6.94,1.86,91.2,"#703720FF",0.439732332298323,0.216684687996154,0.125332176594911,0,0,2,0,0,"2.5YR3/6",-9320178.7295,3820253.6802
"28",250526,"Bt3",123,150,"clay",4.54,0.96,94.5,"#703720FF",0.439732332298323,0.216684687996154,0.125332176594911,0,0,2,0,0,"2.5YR3/6",-9320178.7295,3820253.6802
"29",240311,"Ap1",0,20,"loamy_sand",86.2,8.3,5.5,"#7F583FFF",0.498562877493358,0.343312649829985,0.247730598344407,0,0,1,0,0,"5YR 4/4",-9320021.914,3820257.7007
"29",240312,"Ap2",20,34,"sandy_loam",74.2,10.1,15.7,"#7F583FFF",0.498562877493358,0.343312649829985,0.247730598344407,0,0,1,0,0,"5YR 4/4",-9320021.914,3820257.7007
"29",240313,"Bt1",34,69,"sandy_clay_loam",65.3,10.95,23.75,"#89542FFF",0.536623416931948,0.327779698883437,0.18354006337042,0,0,2,0,0,"5YR4/6",-9320021.914,3820257.7007
"29",240314,"Bt3",127,166,"clay",41.1,5.6,53.3,"#703720FF",0.439732332298323,0.216684687996154,0.125332176594911,0,0,2,0,0,"2.5YR3/6",-9320021.914,3820257.7007
"29",240315,"Bt2",69,127,"clay",28.7,4.6,66.7,"#703720FF",0.439732332298323,0.216684687996154,0.125332176594911,0,0,2,0,0,"2.5YR3/6",-9320021.914,3820257.7007
"3",250320,"Ap",0,39,"sandy_loam",68.05,19.45,12.5,"#544535FF",0.328393328197016,0.268954612150501,0.20664306477238,0,0,1,0,0,"10YR3/2",-9321113.3344,3819982.9175
"3",250321,"Bt1",39,62,"sandy_clay",49.1,13.7,37.2,"#7F583FFF",0.498562877493358,0.343312649829985,0.247730598344407,0,0,2,0,0,"5YR4/4",-9321113.3344,3819982.9175
"3",250322,"Bt2",62,108,"clay",35.65,9.3,55.05,"#89542FFF",0.536623416931948,0.327779698883437,0.18354006337042,0,1,2,0,0,"5YR4/6",-9321113.3344,3819982.9175
"3",250323,"Bt3",108,150,"clay",34.45,7.05,58.5,"#8C5137FF",0.5506355491732,0.317803267210569,0.214267606183866,0,0,2,0,0,"2.5YR4/6",-9321113.3344,3819982.9175
"30",240316,"Ap1",0,11,"loamy_sand",86.5,8.13,5.37,"#604026FF",0.376458621305308,0.252292330269399,0.147759502056216,0,0,1,0,0,"7.5YR3/4",-9319865.0983,3820261.7192
"30",240317,"Ap2",11,21,"loamy_sand",83.25,8.98,7.77,"#775B44FF",0.46722647597231,0.355996721617838,0.26693819513457,0,0,1,0,0,"7.5YR4/3",-9319865.0983,3820261.7192
"30",240318,"Bt1",21,48,"sandy_clay",51.25,9.95,38.8,"#633F2AFF",0.38762723375837,0.245647116051855,0.163662452657882,0,0,2,0,0,"5YR3/4",-9319865.0983,3820261.7192
"30",240319,"Bt2",48,72,"sandy_clay",50.2,9.35,40.45,"#964C26FF",0.589595480781425,0.296274391479315,0.150827675798894,0,0,2,0,0,"2.5YR4/8",-9319865.0983,3820261.7192
"30",240320,"Bt3",72,110,"clay",28.95,4.55,66.5,"#703720FF",0.439732332298323,0.216684687996154,0.125332176594911,0,0,2,0,0,"2.5YR3/6",-9319865.0983,3820261.7192
"30",240321,"Bt4",110,167,"clay",27.05,3.8,69.15,"#703720FF",0.439732332298323,0.216684687996154,0.125332176594911,0,0,2,0,0,"2.5YR3/6",-9319865.0983,3820261.7192
"31",250402,"Ap1",0,18,"loamy_sand",83.2,10.65,6.15,"#795B36FF",0.472691508652081,0.35735626513352,0.212414841208295,0,0,1,0,0,"10YR4/4",-9321436.3897,3820344.741
"31",250403,"Ap2",18,32,"sandy_clay_loam",60.15,13.1,26.75,"#7D593AFF",0.488397126185639,0.349362062820934,0.229243737407669,0,0,1,0,0,"7.5YR4/4",-9321436.3897,3820344.741
"31",250404,"Bt1",32,76,"sandy_clay",45.7,11.45,42.85,"#964C26FF",0.589595480781425,0.296274391479315,0.150827675798894,0,0,2,0,0,"2.5YR4/8",-9321436.3897,3820344.741
"31",250405,"Bt2",76,118,"clay",36.05,6.7,57.25,"#8C5137FF",0.5506355491732,0.317803267210569,0.214267606183866,0,0,2,0,0,"2.5YR4/6",-9321436.3897,3820344.741
"31",250406,"Bt3",118,150,"clay",39.9,7.35,52.75,"#8C5137FF",0.5506355491732,0.317803267210569,0.214267606183866,0,0,2,0,0,"2.5YR4/6",-9321436.3897,3820344.741
"32",250407,"Ap",0,10,"sandy_loam",78.6,12.22,9.18,"#745C41FF",0.454480088447122,0.362215367450688,0.253726831161974,0,0,1,0,0,"10YR4/3",-9321279.5745,3820348.7783
"32",250408,"BA",10,20,"sandy_clay_loam",58.75,13.85,27.4,"#604026FF",0.376458621305308,0.252292330269399,0.147759502056216,0,0,2,0,0,"7.5YR3/4",-9321279.5745,3820348.7783
"32",250409,"Bt1",20,47,"sandy_clay",50.3,13.5,36.2,"#855628FF",0.520972226519258,0.337551851173978,0.15629626380523,0,0,2,0,0,"7.5YR4/6",-9321279.5745,3820348.7783
"32",250410,"Bt2",47,112,"sandy_clay",47,9.8,43.2,"#AA6D27FF",0.666108348481435,0.426894637628799,0.154732757924367,0,0,2,0,0,"7.5YR5/8",-9321279.5745,3820348.7783
"32",250411,"Bt3",112,150,"sandy_clay",54.45,9,36.55,"#A3711CFF",0.638113921369183,0.442354666945537,0.108705747862766,0,0,2,0,0,"10YR5/8",-9321279.5745,3820348.7783
"33",250412,"Ap",0,22,"loamy_sand",86.95,7.92,5.13,"#745C41FF",0.454480088447122,0.362215367450688,0.253726831161974,0,0,1,0,0,"10YR4/3",-9321122.759,3820352.8135
"33",250413,"BA",22,42,"sandy_clay_loam",66.7,12.7,20.6,"#805921FF",0.500223290212621,0.348924928961193,0.12876944832402,0,0,2,0,0,"10YR4/6",-9321122.759,3820352.8135
"33",250414,"Bt1",42,77,"sandy_clay_loam",63.7,12.2,24.1,"#855628FF",0.520972226519258,0.337551851173978,0.15629626380523,0,0,2,0,0,"7.5YR4/6",-9321122.759,3820352.8135
"33",250415,"Bt2",77,120,"sandy_clay",49.1,7.8,43.1,"#AA6D27FF",0.666108348481435,0.426894637628799,0.154732757924367,0,0,2,0,0,"7.5YR5/8",-9321122.759,3820352.8135
"33",250416,"Bt3",120,154,"sandy_clay",55,7.3,37.7,"#A3711CFF",0.638113921369183,0.442354666945537,0.108705747862766,0,0,2,0,0,"10YR5/8",-9321122.759,3820352.8135
"34",240346,"Ap1",0,11,"loamy_sand",82.25,11.76,5.99,"#6E5E4BFF",0.432479607618406,0.367561696190658,0.294406483459129,0,0,1,0,0,"10YR4/2",-9320965.9433,3820356.8467
"34",240347,"Ap2",11,34,"loamy_sand",86.6,7.92,5.48,"#8E775AFF",0.557006639412374,0.46505718448208,0.354710273344411,0,0,1,0,0,"10YR5/3",-9320965.9433,3820356.8467
"34",240348,"Bt1",34,60,"sandy_clay_loam",62.25,14.55,23.2,"#9C7337FF",0.613039703549513,0.450352989954951,0.216677275892247,0,0,2,0,0,"10YR5/6",-9320965.9433,3820356.8467
"34",240349,"Bt2",60,100,"sandy_loam",79.2,11.555,9.245,"#967631FF",0.588125470087857,0.462106922656016,0.190816550803544,1,1,2,0,0,"2.5Y5/6",-9320965.9433,3820356.8467
"34",240350,"Btv1",100,127,"loamy_sand",81.65,10.275,8.075,"#A99264FF",0.662861082252112,0.572418528215225,0.392947209884661,1,1,2,0,0,"2.5Y6/4",-9320965.9433,3820356.8467
"34",240351,"Btv2",127,151,"loamy_sand",82.3,9.235,8.465,"#A99264FF",0.662861082252112,0.572418528215225,0.392947209884661,1,1,2,0,0,"2.5Y6/4",-9320965.9433,3820356.8467
"35",250417,"Ap",0,21,"sand",90,4.2,5.8,"#795B36FF",0.472691508652081,0.35735626513352,0.212414841208295,0,0,1,1,0,"10YR4/4",-9320809.1275,3820360.8778
"35",250418,"C1",21,70,"sandy_loam",68.4,17.7,13.9,"#5C4222FF",0.361873759572945,0.25989391202173,0.133752109711314,0,0,3,1,0,"10YR3/4",-9320809.1275,3820360.8778
"35",250419,"C2",70,95,"sand",90.6,2.92,6.48,"#855628FF",0.520972226519258,0.337551851173978,0.15629626380523,0,0,3,1,0,"7.5YR4/6",-9320809.1275,3820360.8778
"35",250420,"Ab",95,129,"loamy_sand",81.4,11.78,6.82,"#332F28FF",0.201547396053309,0.18427867482805,0.15592064529633,0,0,1,0,0,"2.5Y2/1",-9320809.1275,3820360.8778
"35",250421,"Bwb",129,145,"sandy_loam",74.3,10.9,14.8,"#9C7337FF",0.613039703549513,0.450352989954951,0.216677275892247,0,0,2,0,0,"10YR5/6",-9320809.1275,3820360.8778
"36",250422,"Ap",0,25,"loamy_sand",84.9,7.95,7.15,"#58432CFF",0.346399880773288,0.264324496865458,0.171618903245648,0,0,1,0,0,"10YR3/3",-9320652.3113,3820364.9067
"36",250423,"BA",25,39,"sandy_clay_loam",67.2,9.7,23.1,"#7F583FFF",0.498562877493358,0.343312649829985,0.247730598344407,0,0,2,0,0,"5YR4/4",-9320652.3113,3820364.9067
"36",250424,"Bt1",39,70,"sandy_clay_loam",59,10,31,"#89542FFF",0.536623416931948,0.327779698883437,0.18354006337042,0,0,2,0,0,"5YR4/6",-9320652.3113,3820364.9067
"36",250425,"Bt2",70,96,"sandy_clay_loam",61,9.8,29.2,"#89542FFF",0.536623416931948,0.327779698883437,0.18354006337042,0,0,2,0,0,"5YR4/6",-9320652.3113,3820364.9067
"36",250426,"Bt3",96,150,"sandy_clay_loam",58.5,7.6,33.9,"#964C26FF",0.589595480781425,0.296274391479315,0.150827675798894,0,0,2,0,0,"2.5YR4/8",-9320652.3113,3820364.9067
"37",250489,"Ap",0,17,"loamy_sand",84.2,8.83,6.97,"#7D593AFF",0.488397126185639,0.349362062820934,0.229243737407669,0,0,1,0,0,"7.5YR4/4",-9320495.4949,3820368.9337
"37",250490,"Bt1",17,46,"clay",40.8,10.1,49.1,"#8C5137FF",0.5506355491732,0.317803267210569,0.214267606183866,0,0,2,0,0,"2.5YR4/6",-9320495.4949,3820368.9337
"37",250491,"Bt2",46,90,"clay",20,5.3,74.7,"#8F4F3EFF",0.559997379420214,0.309773856760146,0.24486003866656,0,0,2,0,0,"10R4/6",-9320495.4949,3820368.9337
"37",250492,"Bt3",90,150,"clay",0,0,100,"#8F4F3EFF",0.559997379420214,0.309773856760146,0.24486003866656,0,0,2,0,0,"10R4/6",-9320495.4949,3820368.9337
"38",250479,"Ap",0,26,"loamy_sand",82.1,11.65,6.25,"#745C41FF",0.454480088447122,0.362215367450688,0.253726831161974,0,0,1,0,0,"10YR4/3",-9320338.6784,3820372.9585
"38",250480,"Bt1",26,41,"clay",43.6,12.2,44.2,"#89542FFF",0.536623416931948,0.327779698883437,0.18354006337042,0,0,2,0,0,"5YR4/6",-9320338.6784,3820372.9585
"38",250481,"Bt2",41,69,"clay",30.7,10.3,59,"#964C26FF",0.589595480781425,0.296274391479315,0.150827675798894,0,0,2,0,0,"2.5YR4/8",-9320338.6784,3820372.9585
"38",250482,"Bt3",69,111,"clay",3.025,0.725,96.25,"#703720FF",0.439732332298323,0.216684687996154,0.125332176594911,0,0,2,0,0,"2.5YR3/6",-9320338.6784,3820372.9585
"38",250483,"Bt4",111,150,"clay",0,0,100,"#703720FF",0.439732332298323,0.216684687996154,0.125332176594911,0,0,2,0,0,"2.5YR3/6",-9320338.6784,3820372.9585
"4",250324,"Ap",0,30,"sand",87.95,6.73,5.32,"#5B422EFF",0.358474174135509,0.258430688242787,0.181491173051253,0,0,1,0,0,"7.5YR3/3",-9320956.5236,3819986.95
"4",250325,"Bt1",30,75,"sandy_clay",52.8,9.65,37.55,"#8C5137FF",0.5506355491732,0.317803267210569,0.214267606183866,0,0,2,0,0,"2.5YR4/6",-9320956.5236,3819986.95
"4",250326,"Bt2",75,150,"sandy_clay_loam",57.6,8.7,33.7,"#964C26FF",0.589595480781425,0.296274391479315,0.150827675798894,0,0,2,0,0,"2.5YR4/8",-9320956.5236,3819986.95
"40",240322,"Ap",0,13,"sandy_clay_loam",62.9,8.55,28.55,"#89542FFF",0.536623416931948,0.327779698883437,0.18354006337042,0,0,1,0,0,"5YR4/6",-9320025.0444,3820381.002
"40",240323,"BA",13,30,"clay",29.05,5.3,65.65,"#703720FF",0.439732332298323,0.216684687996154,0.125332176594911,0,0,2,0,0,"2.5YR3/6",-9320025.0444,3820381.002
"40",240324,"Bt1",30,70,"clay",22.15,3.45,74.4,"#703720FF",0.439732332298323,0.216684687996154,0.125332176594911,0,0,2,0,0,"2.5YR3/6",-9320025.0444,3820381.002
"40",240325,"Bt2",70,127,"clay",23.7,2.95,73.35,"#8F4F3EFF",0.559997379420214,0.309773856760146,0.24486003866656,0,0,2,0,0,"10R4/6",-9320025.0444,3820381.002
"40",240326,"Bt3",127,156,"clay",23.75,2.4,73.85,"#8F4F3EFF",0.559997379420214,0.309773856760146,0.24486003866656,0,0,2,0,0,"10R4/6",-9320025.0444,3820381.002
"41",250427,"Ap",0,19,"loamy_sand",80.1,12.09,7.81,"#58432CFF",0.346399880773288,0.264324496865458,0.171618903245648,0,0,1,0,0,"10YR3/3",-9321439.5347,3820468.0419
"41",250428,"AB",19,54,"sandy_loam",67,13.8,19.2,"#604026FF",0.376458621305308,0.252292330269399,0.147759502056216,0,0,1,0,0,"7.5YR3/4",-9321439.5347,3820468.0419
"41",250429,"Bt1",54,114,"sandy_clay_loam",55,10.7,34.3,"#89542FFF",0.536623416931948,0.327779698883437,0.18354006337042,0,0,2,0,0,"5YR4/6",-9321439.5347,3820468.0419
"41",250430,"Bt2",114,150,"sandy_clay",55.2,8.6,36.2,"#89542FFF",0.536623416931948,0.327779698883437,0.18354006337042,0,0,2,0,0,"5YR4/6",-9321439.5347,3820468.0419
"42",250431,"Ap1",0,23,"loamy_sand",83.8,8.85,7.35,"#745C41FF",0.454480088447122,0.362215367450688,0.253726831161974,0,0,1,0,0,"10YR4/3",-9321282.7179,3820472.0794
"42",250432,"Ap2",23,39,"loamy_sand",83.9,8.56,7.54,"#795B36FF",0.472691508652081,0.35735626513352,0.212414841208295,0,0,1,0,0,"10YR4/4",-9321282.7179,3820472.0794
"42",250433,"Bt1",39,70,"sandy_clay_loam",61.4,11.8,26.8,"#9C7337FF",0.613039703549513,0.450352989954951,0.216677275892247,0,0,2,0,0,"10YR5/6",-9321282.7179,3820472.0794
"42",250434,"Bt2",70,105,"sandy_clay",45.1,9.3,45.6,"#A3711CFF",0.638113921369183,0.442354666945537,0.108705747862766,0,0,2,0,0,"10YR5/8",-9321282.7179,3820472.0794
"42",250435,"Btv1",105,140,"clay",41.8,9.2,49,"#A3711CFF",0.638113921369183,0.442354666945537,0.108705747862766,1,1,2,0,0,"10YR5/8",-9321282.7179,3820472.0794
"42",250436,"Btv2",140,150,"clay",43.7,7.3,49,"#9C7337FF",0.613039703549513,0.450352989954951,0.216677275892247,0,0,2,0,0,"10YR5/6",-9321282.7179,3820472.0794
"43",250437,"Ap",0,31,"loamy_sand",83.4,10.68,5.92,"#6E5E4BFF",0.432479607618406,0.367561696190658,0.294406483459129,0,0,1,0,0,"10YR4/2",-9321125.9008,3820476.1148
"43",250438,"BE",31,63,"sandy_clay_loam",53.7,18.5,27.8,"#93754FFF",0.577554513328993,0.46014971014309,0.311115146146663,0,0,2,0,0,"10YR5/4",-9321125.9008,3820476.1148
"43",250439,"Bt1",63,93,"sandy_loam",68.9,13.9,17.2,"#9C7337FF",0.613039703549513,0.450352989954951,0.216677275892247,1,0,2,0,0,"10YR5/6",-9321125.9008,3820476.1148
"43",250440,"Bt2",93,112,"sandy_loam",76.8,11.9,11.3,"#AE9068FF",0.681677226481998,0.564248474767131,0.408818876581867,0,1,2,0,0,"10YR6/4",-9321125.9008,3820476.1148
"43",250441,"Btg",112,150,"sandy_loam",75.9,12.5,11.6,"#BAAE95FF",0.730975946611561,0.682739294769169,0.583614021087258,1,0,2,0,0,"2.5Y7/2",-9321125.9008,3820476.1148
"44",240352,"Ap1",0,27,"loamy_sand",85.1,9.58,5.32,"#6E5E4BFF",0.432479607618406,0.367561696190658,0.294406483459129,0,0,1,0,0,"10YR4/2",-9320969.0835,3820480.1481
"44",240353,"AE",27,46,"loamy_sand",83.2,10.905,5.895,"#6E5E4BFF",0.432479607618406,0.367561696190658,0.294406483459129,0,0,1,0,1,"10YR4/2",-9320969.0835,3820480.1481
"44",240354,"E",46,63,"loamy_sand",83.1,10.545,6.355,"#A99264FF",0.662861082252112,0.572418528215225,0.392947209884661,0,0,4,0,0,"2.5Y6/4",-9320969.0835,3820480.1481
"44",240355,"Bt2",94,128,"loamy_sand",83.05,9.81,7.14,"#967631FF",0.588125470087857,0.462106922656016,0.190816550803544,1,0,2,0,0,"2.5Y5/6",-9320969.0835,3820480.1481
"44",240356,"Btvg",128,158,"loamy_sand",82.4,8.46,9.14,"#A3927EFF",0.638561136802744,0.573230189582846,0.493496194704249,1,1,2,0,0,"10YR6/2",-9320969.0835,3820480.1481
"44",240357,"Bt1",63,94,"loamy_sand",82.35,10.405,7.245,"#AE9068FF",0.681677226481998,0.564248474767131,0.408818876581867,1,1,2,0,0,"10YR6/4",-9320969.0835,3820480.1481
"45",250442,"Ap1",0,19,"loamy_sand",83.2,9.74,7.06,"#775B44FF",0.46722647597231,0.355996721617838,0.26693819513457,0,0,1,0,0,"7.5YR4/3",-9320812.2661,3820484.1793
"45",250443,"Ap2",19,35,"sandy_loam",75,9.4,15.6,"#7D593AFF",0.488397126185639,0.349362062820934,0.229243737407669,0,0,1,0,0,"7.5YR4/4",-9320812.2661,3820484.1793
"45",250444,"Bt1",35,66,"clay",25.6,5.4,69,"#703720FF",0.439732332298323,0.216684687996154,0.125332176594911,0,0,2,0,0,"2.5YR3/6",-9320812.2661,3820484.1793
"45",250445,"Bt2",66,115,"clay",0.43,0.1033333,99.466667,"#703720FF",0.439732332298323,0.216684687996154,0.125332176594911,0,0,2,0,0,"2.5YR3/6",-9320812.2661,3820484.1793
"45",250446,"Bt3",115,150,"clay",13.75,1.65,84.6,"#703720FF",0.439732332298323,0.216684687996154,0.125332176594911,0,0,2,0,0,"2.5YR3/6",-9320812.2661,3820484.1793
"46",250447,"Ap",0,18,"sandy_loam",76.6,9.2,14.2,"#775B44FF",0.46722647597231,0.355996721617838,0.26693819513457,0,0,1,0,0,"7.5YR4/3",-9320655.4483,3820488.2085
"46",250448,"BA",18,34,"sand",91.4,2.58,6.02,"#89542FFF",0.536623416931948,0.327779698883437,0.18354006337042,0,0,2,0,0,"5YR4/6",-9320655.4483,3820488.2085
"46",250449,"Bt1",34,87,"clay",11.36,2.39,86.25,"#703720FF",0.439732332298323,0.216684687996154,0.125332176594911,0,0,2,0,0,"2.5YR3/6",-9320655.4483,3820488.2085
"46",250450,"Bt2",87,150,"clay",0,0,100,"#703720FF",0.439732332298323,0.216684687996154,0.125332176594911,0,0,2,0,0,"2.5YR3/6",-9320655.4483,3820488.2085
"47",250493,"Ap",0,22,"loamy_sand",80.7,11.96,7.34,"#745C41FF",0.454480088447122,0.362215367450688,0.253726831161974,0,0,1,0,0,"10YR4/3",-9320498.6303,3820492.2356
"47",250494,"BA",22,42,"sandy_clay",51.3,12.5,36.2,"#7F583FFF",0.498562877493358,0.343312649829985,0.247730598344407,0,0,2,0,0,"5YR4/4",-9320498.6303,3820492.2356
"47",250495,"Bt1",42,62,"clay",41.1,10.4,48.5,"#8C5137FF",0.5506355491732,0.317803267210569,0.214267606183866,0,0,2,0,0,"2.5YR4/6",-9320498.6303,3820492.2356
"47",250496,"Bt2",62,98,"clay",4.9,0.8,94.3,"#703720FF",0.439732332298323,0.216684687996154,0.125332176594911,0,0,2,0,0,"2.5YR3/6",-9320498.6303,3820492.2356
"47",250497,"Bt3",98,150,"clay",0,0,100,"#703720FF",0.439732332298323,0.216684687996154,0.125332176594911,0,0,2,0,0,"2.5YR3/6",-9320498.6303,3820492.2356
"48",250473,"Ap",0,11,"sandy_clay_loam",62.3,16.2,21.5,"#58432CFF",0.346399880773288,0.264324496865458,0.171618903245648,0,0,1,0,0,"10YR3/3",-9320341.8121,3820496.2607
"48",250474,"C1",11,39,"sandy_clay_loam",48.5,17,34.5,"#663D2EFF",0.398142862683651,0.238769142734102,0.180275221825887,0,0,3,1,0,"2.5YR3/4",-9320341.8121,3820496.2607
"48",250475,"C2",39,60,"clay",19.2,6.8,74,"#703720FF",0.439732332298323,0.216684687996154,0.125332176594911,0,0,3,1,0,"2.5YR3/6",-9320341.8121,3820496.2607
"48",250476,"C3",60,78,"clay",11.9,5.5,82.6,"#703720FF",0.439732332298323,0.216684687996154,0.125332176594911,0,0,3,1,0,"2.5YR3/6",-9320341.8121,3820496.2607
"48",250477,"Bt1",78,100,"clay",1.405,0.445,98.15,"#8C5137FF",0.5506355491732,0.317803267210569,0.214267606183866,0,0,2,0,0,"2.5YR4/6",-9320341.8121,3820496.2607
"48",250478,"Bt2",100,150,"clay",5.2,0.55,94.25,"#8C5137FF",0.5506355491732,0.317803267210569,0.214267606183866,0,0,2,0,0,"2.5YR4/6",-9320341.8121,3820496.2607
"49",250463,"Ap",0,29,"loamy_sand",84.1,10.38,5.52,"#795B36FF",0.472691508652081,0.35735626513352,0.212414841208295,0,0,1,1,0,"10YR4/4",-9320184.2391,3820485.242
"49",250464,"C1",29,43,"sandy_loam",69.9,15.3,14.8,"#5B422EFF",0.358474174135509,0.258430688242787,0.181491173051253,0,0,3,1,0,"7.5YR3/3",-9320184.2391,3820485.242
"49",250465,"C2",43,67,"sandy_clay_loam",56.3,13.4,30.3,"#89542FFF",0.536623416931948,0.327779698883437,0.18354006337042,0,0,3,1,0,"5YR4/6",-9320184.2391,3820485.242
"49",250466,"C3",67,103,"sandy_clay_loam",53.9,14.2,31.9,"#7D593AFF",0.488397126185639,0.349362062820934,0.229243737407669,0,0,3,1,0,"7.5YR4/4",-9320184.2391,3820485.242
"49",250467,"Bt",103,150,"clay",3.145,0.655,96.2,"#8C5137FF",0.5506355491732,0.317803267210569,0.214267606183866,0,0,2,0,0,"2.5YR4/6",-9320184.2391,3820485.242
"5",250327,"Ap",0,35,"loamy_sand",86.6,8.555,4.845,"#745C41FF",0.454480088447122,0.362215367450688,0.253726831161974,0,0,1,0,0,"10YR4/3",-9320799.7126,3819990.9805
"5",250328,"AE",35,50,"sandy_loam",76.7,14.575,8.725,"#93754FFF",0.577554513328993,0.46014971014309,0.311115146146663,0,0,1,0,0,"10YR5/4",-9320799.7126,3819990.9805
"5",250329,"Bt1",50,86,"sandy_loam",73.35,14.95,11.7,"#855628FF",0.520972226519258,0.337551851173978,0.15629626380523,0,0,2,0,0,"7.5YR4/6",-9320799.7126,3819990.9805
"5",250330,"Bt2",86,126,"sandy_loam",72.7,13.75,13.55,"#855628FF",0.520972226519258,0.337551851173978,0.15629626380523,0,0,2,0,0,"7.5YR4/6",-9320799.7126,3819990.9805
"5",250331,"Bt3",126,150,"clay",42.5,7.95,49.55,"#AA6D27FF",0.666108348481435,0.426894637628799,0.154732757924367,0,0,2,0,0,"7.5YR5/8",-9320799.7126,3819990.9805
"52",250451,"Ap1",0,8,"loamy_sand",83.3,10.74,5.96,"#6E5E4BFF",0.432479607618406,0.367561696190658,0.294406483459129,0,0,1,0,0,"10YR4/2",-9321129.0428,3820599.4172
"52",250452,"Ap2",8,31,"loamy_sand",83.4,10.73,5.87,"#6E5E4BFF",0.432479607618406,0.367561696190658,0.294406483459129,0,0,1,0,0,"10YR4/2",-9321129.0428,3820599.4172
"52",250453,"AE",31,52,"loamy_sand",80.3,11.9,7.8,"#745C41FF",0.454480088447122,0.362215367450688,0.253726831161974,0,0,1,0,0,"10YR4/3",-9321129.0428,3820599.4172
"52",250454,"E1",52,74,"sandy_loam",78.2,12.94,8.86,"#A2703FFF",0.634523149830161,0.438851858628477,0.247247510397254,0,0,4,0,0,"7.5YR5/6",-9321129.0428,3820599.4172
"52",250455,"E2",74,98,"loamy_sand",81.3,11.79,6.91,"#BD8A58FF",0.742225824337242,0.543083841882347,0.346615933782356,0,0,4,0,0,"7.5YR6/6",-9321129.0428,3820599.4172
"52",250456,"E3",98,140,"loamy_sand",85.6,9.17,5.23,"#CDA886FF",0.805763039818603,0.660581064041243,0.526731598731362,0,0,4,0,0,"7.5YR7/4",-9321129.0428,3820599.4172
"52",250457,"Bt",140,190,"sandy_loam",78.7,10.9,10.4,"#A3711CFF",0.638113921369183,0.442354666945537,0.108705747862766,1,0,2,0,0,"10YR5/8",-9321129.0428,3820599.4172
"52",250458,"Btv",190,213,"loamy_sand",81.8,9.1,9.1,"#B88D51FF",0.720619336639585,0.554310107009307,0.316143831212481,0,0,2,0,0,"10YR6/6",-9321129.0428,3820599.4172
"53",240358,"Ap1",0,26,"loamy_sand",82.9,10.85,6.25,"#58432CFF",0.346399880773288,0.264324496865458,0.171618903245648,0,0,1,0,0,"10YR3/3",-9320972.2238,3820603.4507
"53",240359,"Ap2",26,48,"sandy_loam",78.1,11.15,10.75,"#795B36FF",0.472691508652081,0.35735626513352,0.212414841208295,0,0,1,0,0,"10YR4/4",-9320972.2238,3820603.4507
"53",240360,"Bt1",48,83,"sandy_loam",73.4,10,16.6,"#855628FF",0.520972226519258,0.337551851173978,0.15629626380523,0,0,2,0,0,"7.5YR4/6",-9320972.2238,3820603.4507
"53",240361,"Bt2",83,115,"sandy_clay_loam",67.55,9.25,23.2,"#8C5137FF",0.5506355491732,0.317803267210569,0.214267606183866,0,0,2,0,0,"2.5YR4/6",-9320972.2238,3820603.4507
"53",240362,"Bt3",115,159,"clay",41.15,4.3,54.55,"#703720FF",0.439732332298323,0.216684687996154,0.125332176594911,0,0,2,0,0,"2.5YR3/6",-9320972.2238,3820603.4507
"54",240363,"Ap1",0,18,"loamy_sand",86.3,8.55,5.15,"#795B36FF",0.472691508652081,0.35735626513352,0.212414841208295,0,0,1,0,0,"10YR4/4",-9320815.4048,3820607.4822
"54",240364,"Ap2",18,36,"sandy_loam",79.2,10.75,10.05,"#7D593AFF",0.488397126185639,0.349362062820934,0.229243737407669,0,0,1,0,0,"7.5YR4/4",-9320815.4048,3820607.4822
"54",240365,"Bt2",88,153,"clay",34.05,5.8,60.15,"#964C26FF",0.589595480781425,0.296274391479315,0.150827675798894,0,0,2,0,0,"2.5YR4/8",-9320815.4048,3820607.4822
"54",240366,"Bt1",36,88,"clay",33.9,7.55,58.55,"#8C5137FF",0.5506355491732,0.317803267210569,0.214267606183866,0,0,2,0,0,"2.5YR4/6",-9320815.4048,3820607.4822
"55",250197,"Ap",0,35,"sandy_loam",76.9,12.8,10.3,"#7D593AFF",0.488397126185639,0.349362062820934,0.229243737407669,0,0,1,0,0,"7.5YR4/4",-9320658.5854,3820611.5115
"55",250198,"Bt1",35,55,"clay",43.8,12.2,44,"#89542FFF",0.536623416931948,0.327779698883437,0.18354006337042,0,0,2,0,0,"5YR4/6",-9320658.5854,3820611.5115
"55",250199,"Bt2",55,100,"clay",32.45,9.3,58.25,"#8C5137FF",0.5506355491732,0.317803267210569,0.214267606183866,0,0,2,0,0,"2.5YR4/6",-9320658.5854,3820611.5115
"55",250200,"Bt3",100,150,"clay",19.2,3.95,76.85,"#703720FF",0.439732332298323,0.216684687996154,0.125332176594911,0,0,2,0,0,"2.5YR3/6",-9320658.5854,3820611.5115
"56",250236,"Ap",0,32,"loamy_sand",83.8,10.06,6.14,"#7D593AFF",0.488397126185639,0.349362062820934,0.229243737407669,0,0,1,0,0,"7.5YR4/4",-9320501.7658,3820615.5388
"56",250237,"Bt1",32,57,"clay",36.05,9.65,54.3,"#8C5137FF",0.5506355491732,0.317803267210569,0.214267606183866,0,0,2,0,0,"2.5YR4/6",-9320501.7658,3820615.5388
"56",250238,"Bt2",57,115,"clay",0.5,0,99.5,"#8C5137FF",0.5506355491732,0.317803267210569,0.214267606183866,0,0,2,0,0,"2.5YR4/6",-9320501.7658,3820615.5388
"56",250239,"Bt3",115,150,"clay",0.37,0.03,99.6,"#8C5137FF",0.5506355491732,0.317803267210569,0.214267606183866,0,0,2,0,0,"2.5YR4/6",-9320501.7658,3820615.5388
"57",250231,"Ap",0,25,"ClLo",29.7,38.4,31.9,"#544535FF",0.328393328197016,0.268954612150501,0.20664306477238,0,0,1,0,0,"10YR3/2",-9320344.946,3820619.5641
"57",250232,"BA",25,45,"clay",35.7,20.7,43.6,"#603F34FF",0.374832943265522,0.248886095882918,0.205176248805084,0,0,2,0,0,"2.5YR3/3",-9320344.946,3820619.5641
"57",250233,"Bt1",45,81,"clay",25.8,10.7,63.5,"#663D2EFF",0.398142862683651,0.238769142734102,0.180275221825887,0,0,2,0,0,"2.5YR3/4",-9320344.946,3820619.5641
"57",250234,"Bt2",81,125,"clay",4.84,0.36,94.8,"#703720FF",0.439732332298323,0.216684687996154,0.125332176594911,0,0,2,0,0,"2.5YR3/6",-9320344.946,3820619.5641
"57",250235,"Bt3",125,150,"clay",0.97,0.03,99,"#8C5137FF",0.5506355491732,0.317803267210569,0.214267606183866,0,0,2,0,0,"2.5YR4/6",-9320344.946,3820619.5641
"59",250230,"C",0,50,"clay",40.5,9.8,49.7,"#815645FF",0.506961445664423,0.337543631709207,0.268997188895341,0,0,3,1,0,"2.5YR4/4",-9321445.8252,3820714.6473
"6",250332,"Ap",0,28,"loamy_sand",83.85,10.5,5.65,"#745C41FF",0.454480088447122,0.362215367450688,0.253726831161974,0,0,1,0,0,"10YR4/3",-9320642.9013,3819995.009
"6",250333,"BA",28,49,"sandy_clay_loam",60.2,12.95,26.85,"#7D593AFF",0.488397126185639,0.349362062820934,0.229243737407669,0,0,2,0,0,"7.5YR4/4",-9320642.9013,3819995.009
"6",250334,"Bt1",49,69,"sandy_clay_loam",59.4,13.15,27.45,"#9C7337FF",0.613039703549513,0.450352989954951,0.216677275892247,0,0,2,0,0,"10YR5/6",-9320642.9013,3819995.009
"6",250335,"Bt2",69,95,"sandy_clay",49,10.2,40.8,"#AA6D27FF",0.666108348481435,0.426894637628799,0.154732757924367,0,0,2,0,0,"7.5YR5/8",-9320642.9013,3819995.009
"6",250336,"Bt3",95,155,"clay",42.05,8,49.95,"#AA6D27FF",0.666108348481435,0.426894637628799,0.154732757924367,0,0,2,0,0,"7.5YR5/8",-9320642.9013,3819995.009
"61",240327,"Ap",0,30,"loamy_sand",83.5,9.455,7.045,"#5B422EFF",0.358474174135509,0.258430688242787,0.181491173051253,0,0,1,0,0,"7.5YR3/3",-9321132.1849,3820722.721
"61",240328,"BA",30,55,"clay",43.8,8.45,47.75,"#663D2EFF",0.398142862683651,0.238769142734102,0.180275221825887,0,0,2,0,0,"2.5YR3/4",-9321132.1849,3820722.721
"61",240329,"Bt1",55,115,"clay",40.9,7.35,51.75,"#8C5137FF",0.5506355491732,0.317803267210569,0.214267606183866,0,0,2,0,0,"2.5YR4/6",-9321132.1849,3820722.721
"61",240330,"Bt2",115,162,"clay",35.7,4.6,59.7,"#703720FF",0.439732332298323,0.216684687996154,0.125332176594911,0,0,2,0,0,"2.5YR3/6",-9321132.1849,3820722.721
"62",240367,"Ap",0,26,"loamy_sand",86.65,8.15,5.2,"#795B36FF",0.472691508652081,0.35735626513352,0.212414841208295,0,1,1,0,0,"10YR4/4",-9320975.3643,3820726.7547
"62",240368,"Bt1",26,51,"sandy_clay",48.75,10.15,41.1,"#8C5137FF",0.5506355491732,0.317803267210569,0.214267606183866,0,0,2,0,0,"2.5YR4/6",-9320975.3643,3820726.7547
"62",240369,"Bt2",51,109,"clay",39,6.85,54.15,"#703720FF",0.439732332298323,0.216684687996154,0.125332176594911,0,0,2,0,0,"2.5YR3/6",-9320975.3643,3820726.7547
"62",240370,"Bt3",109,150,"clay",28.25,3.6,68.15,"#703720FF",0.439732332298323,0.216684687996154,0.125332176594911,0,0,2,0,0,"2.5YR3/6",-9320975.3643,3820726.7547
"63",240371,"Ap1",0,26,"loamy_sand",80.7,11.845,7.455,"#58432CFF",0.346399880773288,0.264324496865458,0.171618903245648,0,1,1,0,0,"10YR3/3",-9320818.5437,3820730.7863
"63",240372,"Ap2",26,45,"loamy_sand",79.95,12.54,7.51,"#58432CFF",0.346399880773288,0.264324496865458,0.171618903245648,0,0,1,0,0,"10YR3/3",-9320818.5437,3820730.7863
"63",240373,"Bt2",116,152,"clay",28.4,4.85,66.75,"#8C5137FF",0.5506355491732,0.317803267210569,0.214267606183866,0,0,2,0,0,"2.5YR4/6",-9320818.5437,3820730.7863
"63",240374,"Bt1",45,116,"clay",28.05,5.45,66.5,"#8C5137FF",0.5506355491732,0.317803267210569,0.214267606183866,0,0,2,0,0,"2.5YR4/6",-9320818.5437,3820730.7863
"64",250248,"Ap1",0,30,"loamy_sand",83.9,10.21,5.89,"#5B422EFF",0.358474174135509,0.258430688242787,0.181491173051253,0,0,1,0,0,"7.5YR3/3",-9320661.7227,3820734.8158
"64",250249,"Ap2",30,41,"sandy_loam",68.3,14.5,17.2,"#633F2AFF",0.38762723375837,0.245647116051855,0.163662452657882,0,0,1,0,0,"5YR3/4",-9320661.7227,3820734.8158
"64",250250,"BA",41,61,"clay",24,8.4,67.6,"#8C5137FF",0.5506355491732,0.317803267210569,0.214267606183866,0,0,2,0,0,"2.5YR4/6",-9320661.7227,3820734.8158
"64",250251,"Bt1",61,111,"clay",0,0,100,"#703720FF",0.439732332298323,0.216684687996154,0.125332176594911,0,0,2,0,0,"2.5YR3/6",-9320661.7227,3820734.8158
"64",250252,"Bt2",111,150,"clay",0,0,100,"#703720FF",0.439732332298323,0.216684687996154,0.125332176594911,0,0,2,0,0,"2.5YR3/6",-9320661.7227,3820734.8158
"66",250240,"Ap",0,35,"loamy_sand",84.9,9.79,5.31,"#745C41FF",0.454480088447122,0.362215367450688,0.253726831161974,0,0,1,0,0,"10YR4/3",-9320348.08,3820742.8687
"66",250241,"Bt1",35,62,"sandy_clay",46,13,41,"#89542FFF",0.536623416931948,0.327779698883437,0.18354006337042,0,0,2,0,0,"5YR4/6",-9320348.08,3820742.8687
"66",250242,"Bt2",62,100,"clay",24.7,7.9,67.4,"#964C26FF",0.589595480781425,0.296274391479315,0.150827675798894,0,0,2,0,0,"2.5YR4/8",-9320348.08,3820742.8687
"66",250243,"Bt3",100,150,"clay",1.58,0.32,98.1,"#703720FF",0.439732332298323,0.216684687996154,0.125332176594911,0,0,2,0,0,"2.5YR3/6",-9320348.08,3820742.8687
"67",250244,"Ap",0,20,"loamy_sand",82.4,9.8,7.8,"#7D593AFF",0.488397126185639,0.349362062820934,0.229243737407669,0,0,1,0,0,"7.5YR4/4",-9321448.9707,3820837.952
"67",250245,"Bt1",20,58,"clay",28.2,9.5,62.3,"#8C5137FF",0.5506355491732,0.317803267210569,0.214267606183866,0,0,2,0,0,"2.5YR4/6",-9321448.9707,3820837.952
"67",250246,"Bt2",58,106,"clay",0,0,100,"#8C5137FF",0.5506355491732,0.317803267210569,0.214267606183866,0,0,2,0,0,"2.5YR4/6",-9321448.9707,3820837.952
"67",250247,"Bt3",106,150,"clay",0,0,100,"#703720FF",0.439732332298323,0.216684687996154,0.125332176594911,0,0,2,0,0,"2.5YR3/6",-9321448.9707,3820837.952
"68",240331,"Ap1",0,16,"loamy_sand",85.85,8.75,5.4,"#5B422EFF",0.358474174135509,0.258430688242787,0.181491173051253,0,0,1,0,0,"7.5YR3/3",-9321292.1491,3820841.99
"68",240332,"Ap2",16,33,"loamy_sand",80.85,11.07,8.08,"#604026FF",0.376458621305308,0.252292330269399,0.147759502056216,0,0,1,0,0,"7.5YR3/4",-9321292.1491,3820841.99
"68",240333,"Bt1",33,77,"clay",42.95,9.6,47.45,"#703720FF",0.439732332298323,0.216684687996154,0.125332176594911,0,0,2,0,0,"2.5YR3/6",-9321292.1491,3820841.99
"68",240334,"Bt2",77,118,"clay",21.2,3.45,75.35,"#703720FF",0.439732332298323,0.216684687996154,0.125332176594911,0,0,2,0,0,"2.5YR3/6",-9321292.1491,3820841.99
"68",240335,"Bt3",118,156,"clay",17.5,2.5,80,"#703720FF",0.439732332298323,0.216684687996154,0.125332176594911,0,0,2,0,0,"2.5YR3/6",-9321292.1491,3820841.99
"69",240336,"Ap",0,18,"loamy_sand",84.45,9.7,5.85,"#5C4222FF",0.361873759572945,0.25989391202173,0.133752109711314,0,0,1,0,0,"10YR3/4",-9321135.3271,3820846.0259
"69",240337,"AB",18,30,"sandy_loam",69.55,12.15,18.3,"#633F2AFF",0.38762723375837,0.245647116051855,0.163662452657882,0,0,1,0,0,"5YR3/4",-9321135.3271,3820846.0259
"69",240338,"BA",30,60,"clay",42.95,10.6,46.45,"#89542FFF",0.536623416931948,0.327779698883437,0.18354006337042,0,1,2,0,0,"5YR4/6",-9321135.3271,3820846.0259
"69",240339,"Bt1",60,104,"clay",26.85,5.7,67.45,"#703720FF",0.439732332298323,0.216684687996154,0.125332176594911,0,0,2,0,0,"2.5YR3/6",-9321135.3271,3820846.0259
"69",240340,"Bt2",104,150,"clay",18.8,2.95,78.25,"#703720FF",0.439732332298323,0.216684687996154,0.125332176594911,0,0,2,0,0,"2.5YR3/6",-9321135.3271,3820846.0259
"7",250337,"Ap",0,12,"sandy_loam",76.75,14.955,8.295,"#544535FF",0.328393328197016,0.268954612150501,0.20664306477238,0,0,1,0,0,"10YR3/2",-9320486.0897,3819999.0353
"7",250338,"AE",12,32,"loamy_sand",83.35,10.19,6.46,"#795B36FF",0.472691508652081,0.35735626513352,0.212414841208295,0,0,1,0,0,"10YR4/4",-9320486.0897,3819999.0353
"7",250339,"AB",32,54,"sandy_loam",74.15,16.46,9.39,"#58432CFF",0.346399880773288,0.264324496865458,0.171618903245648,0,0,1,0,0,"10YR3/3",-9320486.0897,3819999.0353
"7",250340,"Bt1",54,70,"sandy_clay_loam",54.7,14.65,30.65,"#8F774BFF",0.559551542913142,0.468169725497996,0.295859263065115,0,1,2,0,0,"2.5Y5/4",-9320486.0897,3819999.0353
"7",250341,"Bt2",70,99,"sandy_clay",47.8,13.05,39.15,"#8F774BFF",0.559551542913142,0.468169725497996,0.295859263065115,1,1,2,0,0,"2.5Y5/4",-9320486.0897,3819999.0353
"7",250342,"Bt3",99,130,"sandy_loam",76.25,8.65,15.1,"#967631FF",0.588125470087857,0.462106922656016,0.190816550803544,1,1,2,0,0,"2.5Y5/6",-9320486.0897,3819999.0353
"7",250343,"BCg",130,150,"sand",92.3,3.9,3.8,"#CFCAB9FF",0.812379140736589,0.792140077658014,0.726430074626757,1,0,2,0,0,"5Y8/1",-9320486.0897,3819999.0353
"70",250201,"Ap",0,29,"sandy_loam",77.4,13.71,8.89,"#775B44FF",0.46722647597231,0.355996721617838,0.26693819513457,0,0,1,0,0,"7.5YR4/3",-9320978.505,3820850.0598
"70",250202,"BA",29,60,"clay",35.6,11,53.4,"#8C5137FF",0.5506355491732,0.317803267210569,0.214267606183866,0,0,2,0,0,"2.5YR4/6",-9320978.505,3820850.0598
"70",250203,"Bt1",60,115,"clay",6.44,1.36,92.2,"#703720FF",0.439732332298323,0.216684687996154,0.125332176594911,0,0,2,0,0,"2.5YR3/6",-9320978.505,3820850.0598
"70",250204,"Bt2",115,150,"clay",0,0,100,"#703720FF",0.439732332298323,0.216684687996154,0.125332176594911,0,0,2,0,0,"2.5YR3/6",-9320978.505,3820850.0598
"71",250205,"Ap1",0,33,"sandy_loam",67.2,19.8,13,"#544535FF",0.328393328197016,0.268954612150501,0.20664306477238,0,0,1,0,0,"10YR3/2",-9320821.6827,3820854.0916
"71",250206,"BA",33,44,"sandy_clay_loam",61.8,17.1,21.1,"#604026FF",0.376458621305308,0.252292330269399,0.147759502056216,0,0,2,0,0,"7.5YR3/4",-9320821.6827,3820854.0916
"71",250207,"Bt1",44,71,"sandy_clay",48.2,14.55,37.25,"#633F2AFF",0.38762723375837,0.245647116051855,0.163662452657882,0,0,2,0,0,"5YR3/4",-9320821.6827,3820854.0916
"71",250208,"Bt2",71,110,"clay",18.1,6.1,75.8,"#663D2EFF",0.398142862683651,0.238769142734102,0.180275221825887,0,0,2,0,0,"2.5YR3/4",-9320821.6827,3820854.0916
"71",250209,"Bt3",110,150,"clay",24.55,4.35,71.1,"#703720FF",0.439732332298323,0.216684687996154,0.125332176594911,0,0,2,0,0,"2.5YR3/6",-9320821.6827,3820854.0916
"72",250210,"Ap",0,20,"sandy_loam",73.5,10,16.5,"#5C4222FF",0.361873759572945,0.25989391202173,0.133752109711314,0,0,1,0,0,"10YR3/4",-9320664.8601,3820858.1214
"72",250211,"BA",20,40,"clay",43.9,10.15,45.95,"#89542FFF",0.536623416931948,0.327779698883437,0.18354006337042,0,0,2,0,0,"5YR4/6",-9320664.8601,3820858.1214
"72",250212,"Bt1",40,78,"clay",37.8,9.1,53.1,"#8C5137FF",0.5506355491732,0.317803267210569,0.214267606183866,0,0,2,0,0,"2.5YR4/6",-9320664.8601,3820858.1214
"72",250213,"Bt2",78,150,"clay",25.7,3.5,70.8,"#703720FF",0.439732332298323,0.216684687996154,0.125332176594911,0,0,2,0,0,"2.5YR3/6",-9320664.8601,3820858.1214
"73",250214,"Ap",0,15,"loamy_sand",84.1,7.11,8.79,"#855628FF",0.520972226519258,0.337551851173978,0.15629626380523,0,0,1,1,0,"7.5YR4/6",-9320508.0372,3820862.149
"73",250215,"C1",15,43,"sandy_loam",74.05,6.4,19.55,"#89542FFF",0.536623416931948,0.327779698883437,0.18354006337042,0,0,3,1,0,"5YR4/6",-9320508.0372,3820862.149
"73",250216,"C2",43,84,"loamy_sand",82.6,6.25,11.15,"#633F2AFF",0.38762723375837,0.245647116051855,0.163662452657882,0,0,3,1,0,"5YR3/4",-9320508.0372,3820862.149
"73",250217,"C3",84,125,"loamy_sand",88.1,5.64,6.26,"#A2703FFF",0.634523149830161,0.438851858628477,0.247247510397254,0,0,3,1,0,"7.5YR5/6",-9320508.0372,3820862.149
"73",250218,"2Bt",125,150,"clay",44.6,7.45,47.95,"#964C26FF",0.589595480781425,0.296274391479315,0.150827675798894,0,0,0,0,0,"2.5YR4/8",-9320508.0372,3820862.149
"75",250253,"Ap1",0,17,"loamy_sand",81.2,12.28,6.52,"#5C4222FF",0.361873759572945,0.25989391202173,0.133752109711314,0,0,1,0,0,"10YR3/4",-9321295.2931,3820965.296
"75",250254,"Ap2",17,28,"loamy_sand",81.2,12.11,6.69,"#775B44FF",0.46722647597231,0.355996721617838,0.26693819513457,0,0,1,0,0,"7.5YR4/3",-9321295.2931,3820965.296
"75",250255,"BA",28,46,"sandy_clay",45.16667,13,41.833333,"#8C5137FF",0.5506355491732,0.317803267210569,0.214267606183866,0,0,2,0,0,"2.5YR4/6",-9321295.2931,3820965.296
"75",250256,"Bt1",46,75,"clay",31.3,8.2,60.5,"#8C5137FF",0.5506355491732,0.317803267210569,0.214267606183866,0,0,2,0,0,"2.5YR4/6",-9321295.2931,3820965.296
"75",250257,"Bt2",75,150,"clay",18.3,3.5,78.2,"#703720FF",0.439732332298323,0.216684687996154,0.125332176594911,0,0,2,0,0,"2.5YR3/6",-9321295.2931,3820965.296
"76",250263,"Ap1",0,20,"loamy_sand",80.8,12.34,6.86,"#775B44FF",0.46722647597231,0.355996721617838,0.26693819513457,0,0,1,0,0,"7.5YR4/3",-9321138.4695,3820969.3322
"76",250264,"Ap2",20,33,"loamy_sand",80.4,12.64,6.96,"#775B44FF",0.46722647597231,0.355996721617838,0.26693819513457,0,0,1,0,0,"7.5YR4/3",-9321138.4695,3820969.3322
"76",250265,"BA",33,48,"sandy_loam",71.3,16.1,12.6,"#7F583FFF",0.498562877493358,0.343312649829985,0.247730598344407,0,0,2,0,0,"5YR4/4",-9321138.4695,3820969.3322
"76",250266,"Bt1",48,67,"sandy_clay_loam",53.5,14.1,32.4,"#8C5137FF",0.5506355491732,0.317803267210569,0.214267606183866,0,1,2,0,0,"2.5YR4/6",-9321138.4695,3820969.3322
"76",250267,"Bt2",67,89,"clay",41.5,10,48.5,"#703720FF",0.439732332298323,0.216684687996154,0.125332176594911,0,0,2,0,0,"2.5YR3/6",-9321138.4695,3820969.3322
"76",250268,"Bt3",89,130,"clay",21.7,5.3,73,"#703720FF",0.439732332298323,0.216684687996154,0.125332176594911,0,0,2,0,0,"2.5YR3/6",-9321138.4695,3820969.3322
"76",250269,"Bt4",130,150,"clay",0,0,100,"#703720FF",0.439732332298323,0.216684687996154,0.125332176594911,0,0,2,0,0,"2.5YR3/6",-9321138.4695,3820969.3322
"77",250270,"Ap1",0,27,"sandy_loam",76.9,14.75,8.35,"#58432CFF",0.346399880773288,0.264324496865458,0.171618903245648,0,0,1,0,0,"10YR3/3",-9320981.6458,3820973.3663
"77",250271,"Ap2",27,46,"sandy_loam",74.8,15.7,9.5,"#58432CFF",0.346399880773288,0.264324496865458,0.171618903245648,0,0,1,0,0,"10YR3/3",-9320981.6458,3820973.3663
"77",250272,"AE",46,71,"sandy_loam",67.2,14.5,18.3,"#855628FF",0.520972226519258,0.337551851173978,0.15629626380523,0,0,1,0,0,"7.5YR4/6",-9320981.6458,3820973.3663
"77",250273,"BE",71,104,"sandy_clay_loam",59.8,13.4,26.8,"#89542FFF",0.536623416931948,0.327779698883437,0.18354006337042,0,0,2,0,0,"5YR4/6",-9320981.6458,3820973.3663
"77",250274,"Bt1",104,112,"sandy_clay",46,10.6,43.4,"#8C5137FF",0.5506355491732,0.317803267210569,0.214267606183866,0,0,2,0,0,"2.5YR4/6",-9320981.6458,3820973.3663
"77",250275,"Bt2",112,150,"clay",22.6,4.5,72.9,"#8C5137FF",0.5506355491732,0.317803267210569,0.214267606183866,0,0,2,0,0,"2.5YR4/6",-9320981.6458,3820973.3663
"78",250258,"Ap1",0,17,"sand",89.25,5.93,4.82,"#745C41FF",0.454480088447122,0.362215367450688,0.253726831161974,0,0,1,0,0,"10YR4/3",-9320824.8219,3820977.3983
"78",250259,"Ap2",17,31,"sand",89.73333,5.04,5.226667,"#745C41FF",0.454480088447122,0.362215367450688,0.253726831161974,0,0,1,0,0,"10YR4/3",-9320824.8219,3820977.3983
"78",250260,"AE",31,60,"sandy_loam",78.15,8.25,13.6,"#855628FF",0.520972226519258,0.337551851173978,0.15629626380523,0,0,1,0,0,"7.5YR4/6",-9320824.8219,3820977.3983
"78",250261,"E",60,107,"loamy_sand",83.1,8.17,8.73,"#AA6D27FF",0.666108348481435,0.426894637628799,0.154732757924367,0,0,4,0,0,"7.5YR5/8",-9320824.8219,3820977.3983
"78",250262,"Bt",107,150,"sandy_clay_loam",62,7.5,30.5,"#A56E46FF",0.648843794358158,0.430132488944993,0.274904528537146,1,0,2,0,0,"5YR5/6",-9320824.8219,3820977.3983
"79",250219,"Ap1",0,28,"sand",90.5,4.965,4.535,"#745C41FF",0.454480088447122,0.362215367450688,0.253726831161974,0,0,1,0,0,"10YR4/3",-9320667.9976,3820981.4282
"79",250220,"Ap2",28,41,"loamy_sand",84.1,6.36,9.54,"#7D593AFF",0.488397126185639,0.349362062820934,0.229243737407669,0,1,1,0,0,"7.5YR4/4",-9320667.9976,3820981.4282
"79",250221,"AE",41,60,"sandy_loam",79,7,14,"#89542FFF",0.536623416931948,0.327779698883437,0.18354006337042,0,1,1,0,0,"5YR4/6",-9320667.9976,3820981.4282
"79",250222,"BE",60,102,"loamy_sand",84.2,6.765,9.035,"#89542FFF",0.536623416931948,0.327779698883437,0.18354006337042,0,1,2,0,0,"5YR4/6",-9320667.9976,3820981.4282
"79",250223,"Bt1",102,118,"sandy_clay_loam",72,6.6,21.4,"#89542FFF",0.536623416931948,0.327779698883437,0.18354006337042,0,0,2,0,0,"5YR4/6",-9320667.9976,3820981.4282
"79",250224,"Bt2",118,150,"sandy_clay",54.25,3.85,41.9,"#8C5137FF",0.5506355491732,0.317803267210569,0.214267606183866,0,0,2,0,0,"2.5YR4/6",-9320667.9976,3820981.4282
"8",250459,"Ap",0,21,"sand",87.5,7.74,4.76,"#745C41FF",0.454480088447122,0.362215367450688,0.253726831161974,0,0,1,0,0,"10YR4/3",-9320329.278,3820003.0596
"8",250460,"BE",21,45,"sandy_loam",77.9,13.01,9.09,"#9C7337FF",0.613039703549513,0.450352989954951,0.216677275892247,0,0,2,0,0,"10YR5/6",-9320329.278,3820003.0596
"8",250461,"Bt",45,116,"sandy_loam",71.1,12.6,16.3,"#A2703FFF",0.634523149830161,0.438851858628477,0.247247510397254,0,0,2,0,0,"7.5YR5/6",-9320329.278,3820003.0596
"8",250462,"Btv",116,150,"sandy_clay_loam",62.2,11.8,26,"#D3A869FF",0.827634009773711,0.659839563574275,0.412494858918451,0,0,2,0,0,"10YR7/6",-9320329.278,3820003.0596
"80",250225,"Ap1",0,23,"sand",89.5,4.235,6.265,"#58432CFF",0.346399880773288,0.264324496865458,0.171618903245648,0,0,1,0,0,"10YR3/3",-9320511.1731,3820985.456
"80",250226,"Ap2",23,44,"sand",88.05,6.005,5.945,"#8E775AFF",0.557006639412374,0.46505718448208,0.354710273344411,0,0,1,0,0,"10YR5/3",-9320511.1731,3820985.456
"80",250227,"AE",44,85,"loamy_sand",85.2,7.02,7.78,"#795B36FF",0.472691508652081,0.35735626513352,0.212414841208295,1,0,1,0,0,"10YR4/4",-9320511.1731,3820985.456
"80",250228,"BE",85,135,"loamy_sand",86.05,6.895,7.055,"#A2703FFF",0.634523149830161,0.438851858628477,0.247247510397254,1,0,2,0,0,"7.5YR5/6",-9320511.1731,3820985.456
"80",250229,"Bt",135,150,"sandy_clay_loam",72.85,5,22.15,"#AF6932FF",0.688099272097346,0.413111925450901,0.195377848953441,1,0,2,0,0,"5YR5/8",-9320511.1731,3820985.456
"9",250512,"Ap",0,29,"loamy_sand",85.3,9.37,5.33,"#745C41FF",0.454480088447122,0.362215367450688,0.253726831161974,0,0,1,0,0,"10YR4/3",-9320172.466,3820007.0818
"9",250513,"BA",29,49,"sandy_clay_loam",61.85,13.6,24.55,"#7F583FFF",0.498562877493358,0.343312649829985,0.247730598344407,0,0,2,0,0,"5YR4/4",-9320172.466,3820007.0818
"9",250514,"Bt1",49,79,"sandy_clay_loam",62.6,13.2,24.2,"#855628FF",0.520972226519258,0.337551851173978,0.15629626380523,0,0,2,0,0,"7.5YR4/6",-9320172.466,3820007.0818
"9",250515,"Bt2",79,113,"sandy_clay",55.4,9.5,35.1,"#89542FFF",0.536623416931948,0.327779698883437,0.18354006337042,0,0,2,0,0,"5YR4/6",-9320172.466,3820007.0818
"9",250516,"Bt3",113,150,"sandy_clay_loam",69.9,9.1,21,"#AF6932FF",0.688099272097346,0.413111925450901,0.195377848953441,0,0,2,0,0,"5YR5/8",-9320172.466,3820007.0818
"P1",230045,"Ap",0,30,"loamy_sand",83.2,9.835,6.965,"#6E5E4BFF",0.432479607618406,0.367561696190658,0.294406483459129,0,0,1,0,0,"10YR4/2",-9321195.5339,3820528.4366
"P1",230046,NA,30,70,"clay",33.6,6.65,59.75,"#855628FF",0.520972226519258,0.337551851173978,0.15629626380523,0,1,0,0,0,"7.5YR4/6",-9321195.5339,3820528.4366
"P1",230047,NA,70,88,"sandy_clay_loam",62.15,9,28.85,"#544535FF",0.328393328197016,0.268954612150501,0.20664306477238,0,1,0,0,0,"10YR3/2",-9321195.5339,3820528.4366
"P1",230048,NA,88,129,"clay",37.6,8.25,54.15,"#805921FF",0.500223290212621,0.348924928961193,0.12876944832402,0,1,0,0,0,"10YR4/6",-9321195.5339,3820528.4366
"P1",230049,NA,129,145,"loamy_sand",82.9,8.58,8.52,"#514634FF",0.317703466557994,0.273270799897853,0.202326383102239,0,0,0,0,0,"2.5Y3/2",-9321195.5339,3820528.4366
"P1",230050,NA,145,168,"clay",37.4,8.55,54.05,"#93754FFF",0.577554513328993,0.46014971014309,0.311115146146663,0,1,0,0,0,"10YR5/4",-9321195.5339,3820528.4366
"P2",230051,"Ap",0,22,"loamy_sand",87.05,8.125,4.825,"#745C41FF",0.454480088447122,0.362215367450688,0.253726831161974,0,0,1,0,0,"10YR4/3",-9321191.3163,3820339.165
"P2",230052,"BA",22,39,"sandy_loam",69.95,13,17.05,"#805921FF",0.500223290212621,0.348924928961193,0.12876944832402,0,0,2,0,0,"10YR4/6",-9321191.3163,3820339.165
"P2",230053,"Bt1",39,96,"sandy_clay_loam",64.75,12.65,22.6,"#AA6D27FF",0.666108348481435,0.426894637628799,0.154732757924367,0,0,2,0,0,"7.5YR5/8",-9321191.3163,3820339.165
"P2",230054,"Bt2",96,162,"sandy_clay_loam",62.1,8.05,29.85,"#AF6932FF",0.688099272097346,0.413111925450901,0.195377848953441,0,0,2,0,0,"5YR5/8",-9321191.3163,3820339.165
"P2",230055,"Bt3",162,191,"sandy_clay_loam",69.2,7.45,23.35,"#BF8B37FF",0.750122969957232,0.545820482182252,0.215095532415422,0,0,2,0,0,"10YR6/8",-9321191.3163,3820339.165
"P3",230056,"Ap",0,28,"loamy_sand",85.8,8.805,5.395,"#745C41FF",0.454480088447122,0.362215367450688,0.253726831161974,0,0,1,0,0,"10YR4/3",-9320504.5934,3820731.1242
"P3",230057,"Bt1",28,52,"clay",43.9,10.9,45.2,"#703720FF",0.439732332298323,0.216684687996154,0.125332176594911,0,0,2,0,0,"2.5YR3/6",-9320504.5934,3820731.1242
"P3",230058,"Bt2",52,100,"clay",29.05,6.65,64.3,"#8C5137FF",0.5506355491732,0.317803267210569,0.214267606183866,0,0,2,0,0,"2.5YR4/6",-9320504.5934,3820731.1242
"P3",230059,"Bt3",100,170,"clay",28.5,5.25,66.25,"#8C5137FF",0.5506355491732,0.317803267210569,0.214267606183866,0,0,2,0,0,"2.5YR4/6",-9320504.5934,3820731.1242
"P3",230060,"Bt4",170,188,"clay",28,4.3,67.7,"#8C5137FF",0.5506355491732,0.317803267210569,0.214267606183866,0,0,2,0,0,"2.5YR4/6",-9320504.5934,3820731.1242
"P4",230061,"Ap",0,32,"loamy_sand",84.45,9.105,6.445,"#795B36FF",0.472691508652081,0.35735626513352,0.212414841208295,0,0,1,0,0,"10YR4/4",-9320739.7863,3820180.3738
"P4",230062,"BA",32,61,"sandy_clay_loam",57.85,10.5,31.65,"#AF6932FF",0.688099272097346,0.413111925450901,0.195377848953441,0,0,2,0,0,"5YR5/8",-9320739.7863,3820180.3738
"P4",230063,"Bt1",61,98,"sandy_clay_loam",57.15,9.7,33.15,"#964C26FF",0.589595480781425,0.296274391479315,0.150827675798894,0,0,2,0,0,"2.5YR4/8",-9320739.7863,3820180.3738
"P4",230064,"Bt2",98,135,"sandy_clay",48.2,10.9,40.9,"#91501BFF",0.568257498233402,0.312398639612393,0.107626535097181,0,0,2,0,0,"5YR4/8",-9320739.7863,3820180.3738
"P4",230065,"Bt3",135,159,"sandy_clay_loam",61.7,6.4,31.9,"#AF6932FF",0.688099272097346,0.413111925450901,0.195377848953441,0,0,2,0,0,"5YR5/8",-9320739.7863,3820180.3738
"P4",230066,"Bt4",159,188,"sandy_clay_loam",62.15,6.55,31.3,"#AA6D27FF",0.666108348481435,0.426894637628799,0.154732757924367,0,0,2,0,0,"7.5YR5/8",-9320739.7863,3820180.3738
