Point,Sample ID Lab,Horizon,Observational Method,Potential Series (in progress),To Depth (cm),H Depth(cm),Boundary (Bnd),Matrix Color,Clay,Sand,Silt,"Lab Texture (LPSA, preliminary)",Field Texture,Field Clay %,Structure,Consistence,Notes,Date Sampled,Depth to water table (if known),Taxonomy,Charcoal Present?,Depletions,Concentrations,htm,intermingle body
1,250308,Ap,Probe,,0-28,28,Ab,10YR4/2,,Not Found,,,LS,,,VF,near standing water on edge of field,4/16/2025,,,,,,,
1,250309,AB,Probe,,28-52,24,C,7.5YR4/6,,Not Found,,,SL,10,,FR,Plowpan,4/16/2025,,,,,,,
1,250310,Bt1,Probe,,52-92,40,C,7.5YR4/6,,Not Found,,,SL,,,VF,,4/16/2025,,,,,,,
1,250311,Bt2,Probe,,92-115,23,Ab,7.5YR4/6,,Not Found,,,SL,15,,,charcoal present,4/16/2025,,,Yes,,,,
1,250312,Ab,Probe/Auger,,115-135,20,C,7.5YR3/4,,Not Found,,,SL,8,,,"charcoal present, org stain",4/16/2025,,,Yes,,,,
1,250313,Btb1,Auger,,135-165,30,C,7.5YR5/8,,Not Found,,,SL,15,,,bleached root channels/ charcoal present,4/16/2025,,,Yes,,,,
1,250314,Btb2,Auger,,165-190+,25,,7.5YR5/8,,Not Found,,,SL,12,,,"depletions, 10YR7/4, common. POINT 1 ",4/16/2025,,,,Yes,,,
2,250315,Ap,Probe,,0-23,23,Ab,7.5YR4/4,,Not Found,,,,,1MGr,,,4/16/2025,,,,,,,
2,250316,Bt1,Probe,,23-50,27,C,2.5YR3/6,,Not Found,,,,,2MSBK,,organic stains,4/16/2025,,,,,,,
2,250317,Bt2,Probe,,50-80,30,Gr,2.5YR4/6,,Not Found,,,,,2MSBK,,"charcoal, organic stains, ironstone",4/16/2025,,,Yes,,,,
2,250318,Bt3,Probe/Auger,,80-125,45,Gr,2.5YR4/6,,Not Found,,,,,2MSBK,,,4/16/2025,,,,,,,
2,250319,Bt4,Auger,,125-152+,27,,2.5YR4/6,,Not Found,,,,,2MSBK,,,4/16/2025,,,,,,,
3,250320,Ap,Probe,,0-39,39,C,10YR3/2,,Not Found,,,,,1MGr,,VF roots,4/16/2025,,,Yes,,,,
3,250321,Bt1,Probe,,39-62,23,C,5YR4/4,,Not Found,,,,,1MSBK,,"organic stains, charcoal, VFroots, common",4/16/2025,,,Yes,,,,
3,250322,Bt2,Probe,,62-108,46,C,5YR4/6,,Not Found,,,,,2MSBK,,"manganese, charcoal, VF roots, few 5YR5/6 concentrations",4/16/2025,,,,,Yes,,
3,250323,Bt3,Probe/Auger,,108-150+,42,,2.5YR4/6,,Not Found,,,,,2MSBK,,VF roots,4/16/2025,,,,,,,
4,250324,Ap,Probe,,0-30,30,Ab,7.5YR3/3,,Not Found,,,,,1MGr,,F roots common,4/17/2025,,,,,,,
4,250325,Bt1,Probe,,30-75,45,C,2.5YR4/6,,Not Found,,,,,2MSBK,,"org stains, bleached root channels, F roots common",4/17/2025,,,,,,,
4,250326,Bt2,Probe/Auger,,75-150+,75,,2.5YR4/8,,Not Found,,,,,1MSBK,,F roots common,4/17/2025,,,,,,,
5,250327,Ap,Probe,,0-35,35,C,10YR4/3,,Not Found,,,,,1MGr,,VF roots,4/17/2025,,,,,,,
5,250328,AE,Probe,,35-50,15,C,10YR5/4,,Not Found,,,,,1MGr,,VF roots,4/17/2025,,,,,,,
5,250329,Bt1,Probe,,50-86,36,Gr,7.5YR4/6,,Not Found,,,,,1MSBK,,4cm sphere ball @ 70cm. VF roots,4/17/2025,,,,,,,
5,250330,Bt2,Probe/Auger,,86-126,40,C,7.5YR4/6,,Not Found,,,,,1MSBK,,"bleached root channels, 7.5YR6/3 , common.  VF roots",4/17/2025,,,,,,,
5,250331,Bt3,Auger,,126-150+,24,,7.5YR5/8,,Not Found,,,,,2MSBK,,few org stains VF roots. few subrounded quartz,4/17/2025,,,,,,,
6,250332,Ap,Probe,,0-28,28,A,10YR4/3,,Not Found,,,,,1MGr,,,4/17/2025,,,,,,,
6,250333,BA,Probe,,28-49,21,C,7.5YR4/4,,Not Found,,,,,1MSBK,,50% split with 7.5YR4/6,4/17/2025,,,,,,,
6,250334,Bt1,Probe,,49-69,20,C,10YR5/6,,Not Found,,,,,1MSBK,,org stains common,4/17/2025,,,,,,,
6,250335,Bt2,Probe,,69-95,26,C,7.5YR5/8,,Not Found,,,,,1MSBK,,,4/17/2025,,,,,,,
6,250336,Bt3,Probe/Auger,,95-155+,60,,7.5YR5/8,,Not Found,,,,,2CoSBK,,VF roots ,4/17/2025,,,,,,,
7,250337,Ap,Probe,,0-12,12,Ab,10YR3/2,,Not Found,,,,,1MGr,,,4/16/2025,,,,,,,
7,250338,AE,Probe,,12-32,20,Ab,10YR4/4,,Not Found,,,,,1MSBK,,,4/16/2025,,,,,,,
7,250339,AB,Probe,,32-54,22,C,10YR3/3,,Not Found,,,,,2MSBK,,,4/16/2025,,,,,,,
7,250340,Bt1,Probe,,54-70,16,C,2.5Y5/4,,Not Found,,,,,2MSBK,,"iron concentrations, org stains.",4/16/2025,,,,,Yes,,
7,250341,Bt2,Probe,,70-99,29,C,2.5Y5/4,,Not Found,,,,,2CoSBK,,"iron concentrations, 10YR5/8, 5%.",4/16/2025,,,,Yes,Yes,,
7,250342,Bt3,Probe,,99-130,31,C,2.5Y5/6,,Not Found,,,,,2CoSBK,,"gleyed 2.5Y6/2,  25%. Few 7.5YR4/6 concentrations.",4/16/2025,,,,Yes,Yes,,
7,250343,BCg,Probe/Auger,,130-150+,20,,5Y8/1,,Not Found,,,,,1CoSBK,,"gleyed matrix, few conc 10YR5/6 , 15%.",4/16/2025,,,,,,,
8,250459,Ap,Probe,,0-21,21,C,10YR4/3,,Not Found,,,,,1MGr,,VF roots,4/30/2025,,,,,,,
8,250460,BE,Probe,,21-45,24,Gr,10YR5/6,,Not Found,,,,,1MSBK,,VF roots,4/30/2025,,,,,,,
8,250461,Bt,Probe/Auger,,45-116,71,Gr,7.5YR5/6,,Not Found,,,,,1MSBK,,,4/30/2025,,,,,,,
8,250462,Btv,Auger,,116-150+,34,,10YR7/6,,Not Found,,,,,1MSBK,,"plinthite, common, 7.5YR5/8, 10% is 2.5YR4/8. Clean sand and large alluvial rounded quartz",4/30/2025,158,,,,,,
9,250512,Ap,Probe,,0-29,29,A,10YR4/3,,Not Found,,,,,1MGr,,"VFroots, common",4/30/2025,,,,,,,
9,250513,BA,Probe,,29-49,20,C,5YR4/4,,Not Found,,,,,2MSBK,,"organic stains, charcoal, VFroots, common",4/30/2025,,,Yes,,,,
9,250514,Bt1,Probe,,49-79,30,C,7.5YR4/6,,Not Found,,,,,1MSBK,,"org stains, uncoated grains, VFroots, common",4/30/2025,,,,,,,
9,250515,Bt2,Probe,,79-113,34,C,5YR4/6,,Not Found,,,,,2MSBK,,"common org stains, uncoated grains, VFroots, common",4/30/2025,,,,,,,
9,250516,Bt3,Auger,,113-150+,37,,5YR5/8,,Not Found,,,,,1MSBK,,"few charcoal, uncoated grains, VFroots, common",4/30/2025,,,Yes,,,,
10,250344,Ap,Probe,,0-25,25,Ab,10YR4/4,,Not Found,,,,,1MGr,,VF roots ,4/16/2025,,,,,,,
10,250345,BA,Probe,,25-45,20,C,7.5YR4/4,,Not Found,,,,,2CoSBK,,VF roots ,4/16/2025,,,,,,,
10,250346,Bt1,Probe,,45-70,25,C,7.5YR4/6,,Not Found,,,,,2MSBK,,VF roots ,4/16/2025,,,,,,,
10,250347,Bt2,Probe,,70-104,34,C,7.5YR4/6,,Not Found,,,,,2CoSBK,,"VF roots , bleached root channels",4/16/2025,,,,,,,
10,250348,Bt3,Probe/Auger,,104-150+,46,,10YR5/8,,Not Found,,,,,2CoSBK,,VF roots ,4/16/2025,,,,,,,
11,250349,Ap,Probe,,0-22,22,C,10YR3/4,,Not Found,,,,,1MGr,,,4/16/2025,,,,,,,
11,250350,BA,Probe,,22-41,19,C,10YR3/6,,Not Found,,,,,1MSBK,,"VF roots, org stains",4/16/2025,,,,,,,
11,250351,Bt1,Probe,,41-81,40,Gr,7.5YR4/6,,Not Found,,,,,2CoSBK,,"VF roots, org stains",4/16/2025,,,,,,,
11,250352,Bt2,Probe/Auger,,81-112,31,Gr,5YR4/6,,Not Found,,,,,2CoSBK,,"VF roots, common, redox at 110",4/16/2025,,,,,,,
11,250353,Bt3,Auger,,112-150+,38,,10YR5/6,,Not Found,,,,,1MSBK,,5YR4/6 many... was above matrix. depletions present,4/16/2025,,,,Yes,Yes,,
12,250354,Ap,Probe,,0-29,29,Ab,10YR4/3,,Not Found,,,,,1MGr,,VF roots,4/16/2025,,,,,,,
12,250355,BA,Probe,,29-41,12,C,7.5YR3/4,,Not Found,,,,,2MSBK,,VF roots,4/16/2025,,,,,,,
12,250356,Bt1,Probe,,41-68,27,Gr,5YR4/4,,Not Found,,,,,2MSBK,,VF roots,4/16/2025,,,,,,,
12,250357,Bt2,Probe/Auger,,68-118,50,Gr,5YR4/6,,Not Found,,,,,2MSBK,,VF roots,4/16/2025,,,,,,,
12,250358,Bt3,Auger,,118-154+,36,,5YR4/6,,Not Found,,,,,2MSBK,,VF roots,4/16/2025,,,,,,,
13,250359,Ap,Probe,,0-30,30,Ab,10YR4/6,,Not Found,,,,,1MGr,,F roots,4/17/2025,,,,,,,
13,250360,BA,Probe,,30-45,15,C,10YR5/6,,Not Found,,,,,2MSBK,,F roots,4/17/2025,,,,,,,
13,250361,Bt1,Probe,,45-75,30,C,7.5YR5/8,,Not Found,,,,,2MSBK,,F roots,4/17/2025,,,,,,,
13,250362,Bt2,Probe,,75-89,14,C,7.5YR5/8,,Not Found,,,,,2MSBK,,F roots,4/17/2025,,,,,,,
13,250363,Bt3,Probe/Auger,,89-135,46,C,10YR5/8,,Not Found,,,,,2CoSBK,,"F roots, sub rounded rock frags",4/17/2025,,,,,,,
13,250364,Bt4,Auger,,135-150+,15,,10YR6/8,,Not Found,,,,,2CoSBK,,"Fe masses, 2.5YR4/6, 5%. sub rounded rock frags.",4/17/2025,144,,,,,,
14,250365,Ap,Probe,,0-29,29,Ab,10YR3/4,,Not Found,,,,,1MGr,,VF roots,4/17/2025,,,,,,,
14,250366,Bt1,Probe,,29-51,22,C,5YR4/4,,Not Found,,,,,2MSBK,,"VF roots, org stains",4/17/2025,,,,,,,
14,250367,Bt2,Probe,,51-93,42,C,5YR4/6,,Not Found,,,,,2MSBK,,"VF roots. charcoal, few org stains",4/17/2025,,,Yes,,,,
14,250368,Bt3,Probe/Auger,,93-150+,57,,2.5YR4/6,,Not Found,,,,,2MSBK,,"VF roots, sub rounded quartz, small few.",4/17/2025,,,,,,,
15,250369,Ap,Probe,,0-28,28,C,10YR4/2,,Not Found,,,,,1MGr,,,4/17/2025,,,,,,,
15,250370,Bt1,Probe,,28- 65,37,C,10YR5/6,,Not Found,,,,,2CoSBK,,,4/17/2025,,,,,,,
15,250371,Bt2,Probe,,65-87,22,C,10YR5/8,,Not Found,,,,,2CoSBK,,10YR7/3 few ,4/17/2025,,,,,,,
15,250372,Bt3,Probe/Auger,,87-123,36,Gr,10YR6/8,,Not Found,,,,,2CoSBK,,"many VF roots, org stains, depletions 2.5Y6/4",4/17/2025,,,,Yes,,,
15,250373,Btv,Auger,,123-150+,27,,10YR6/8,,Not Found,,,,,2CoSBK,,7.5YR4/6 plinthite over 5%,4/17/2025,,,,,,,
16,250484,Ap,Probe,,0-30,30,A,10YR3/4,,Not Found,,,,,1MGr,,,4/30/2025,,,,,,,
16,250485,Bw,Probe,,30-66,36,A,10YR4/6,,Not Found,,,,,1MSBK,,stripped sand,4/30/2025,,,,,,,
16,250486,Ab,Probe,,66-83,17,A,10YR4/6,,Not Found,,,,,1MSBK,,"50% 10YR3/2, stratified organic stains.",4/30/2025,,,,,,,
16,250487,Bwb,Probe/Auger,,83-155,72,C,10YR7/4,,Not Found,,,,,1MSBK,,stripped sand grains + organic stains,4/30/2025,,,,,,,
16,250488,C,Auger,,155-180+,25,,10YR5/8,,Not Found,,,,,SRSSG,,,4/30/2025,,,,,,,
17,250468,Ap,Probe,,0-18,18,C,10YR4/3,,Not Found,,,,,1MGr,,,4/30/2025,,,,,,,
17,250469,BA,Probe,,18-29,11,C,7.5YR4/4,,Not Found,,,,,1MSBK,,,4/30/2025,,,,,,,
17,250470,Bt1,Probe,,29-77,48,Gr,7.5YR4/6,,Not Found,,,,,1MSBK,,root channels and stripped root pores,4/30/2025,,,,,,,
17,250471,Bt2,Probe/Auger,,77-116,39,Gr,5YR4/6,,Not Found,,,,,1MSBK,,,4/30/2025,,,,,,,
17,250472,Bt3,Auger,,116-150+,34,,5YR5/8,,Not Found,,,,,1MSBK,,,4/30/2025,,,,,,,
18,250517,Ap,Probe,,0-25,25,VA,10YR4/3,,Not Found,,,,,1MGr,,VF roots,4/30/2025,,,,,,,
18,250518,BA,Probe,,25-38,13,C,5YR4/4,,Not Found,,,,,2MSBK,,"organic stains, uncoated sand grains, VF roots",4/30/2025,,,,,,,
18,250519,Bt1,Probe,,38-77,39,Gr,5YR4/6,,Not Found,,,,,2CoSBK,,VF roots,4/30/2025,,,,,,,
18,250520,Bt2,Probe,,77-119,42,Gr,2.5YR4/6,,Not Found,,,,,2CoSBK,,"charcoal, few, VF roots",4/30/2025,,,Yes,,,,
18,250521,Bt3,Probe/Auger,,119-150+,31,,2.5YR4/8,,Not Found,,,,,2MSBK,,"charcoal, few, VF roots, few yellow concentrations",4/30/2025,,,Yes,,Yes,,
19,250503,Ap,Probe,,0-18,18,A,10YR3/4,,Not Found,,,,,1MGr,,VF roots,4/30/2025,,,,,,,
19,250504,BA,Probe,,18-33,15,C,5YR3/4,,Not Found,,,,,2MSBK,,VF roots,4/30/2025,,,,,,,
19,250505,Bt1,Probe,,33-60,27,Gr,2.5YR4/6,,Not Found,,,,,2MSBK,,"common organic stains, VF roots",4/30/2025,,,,,,,
19,250506,Bt2,Probe,,60-98,38,Gr,2.5YR4/8,,Not Found,,,SL,,1MSBK,,"faint org stains, VF roots",4/30/2025,,,,,,,
19,250507,Bt3,Probe/Auger,,98-150+,52,,2.5YR4/8,,Not Found,,,SL,,1MSBK,,,4/30/2025,,,,,,,
20,250374,Ap,Probe,Lakeland?,0-29,29,C,10YR4/3,,Not Found,,,,,1MGr,Fr,VF roots,4/16/2025,,,,,,,
20,250375,BA,Probe,Lakeland?,29-52,23,C,7.5YR4/4,,Not Found,,,,,1MSBK,F,"charcoal, VF roots",4/16/2025,,,Yes,,,,
20,250376,Bt1,Probe,Lakeland?,52-71,19,C,7.5YR4/6,,Not Found,,,,,1MSBK,VFr,VF roots,4/16/2025,,,,,,,
20,250377,Bt2,Probe/Auger,Lakeland?,71-123,52,C,7.5YR4/6,,Not Found,,,,,1MSBK,,"org. mixing; bleached root channels, VF roots",4/16/2025,,,,,,,
20,250378,BC,Auger,Lakeland?,123-150+,27,,7.5YR4/8,,Not Found,,,,,1MSBK,L,"depleted root channels, VF roots",4/16/2025,,,,,,,
21,250379,Ap,Probe,,0-27,27,C,10YR4/3,,Not Found,,,,,1MGr,,Fe VF,4/16/2025,,,,,,,
21,250380,BA,Probe,,27-46,19,C,10YR4/4,,Not Found,,,,,1MSBK,,"org stain, Fe VF",4/16/2025,,,,,,,
21,250381,Bt1,Probe,,46-73,27,C,10YR5/6,,Not Found,,,,,2MSBK,,"org stain, Fe VF",4/16/2025,,,,,,,
21,250382,Bt2,Probe,,73-113,40,C,10YR5/6,,Not Found,,,,,2MSBK,,Fe VF,4/16/2025,,,,,,,
21,250383,Bt3,Probe/Auger,,113-152+,39,,10YR5/8,,Not Found,,,,,2MSBK,,Fe VF,4/16/2025,,,,,,,
22,250384,Ap,Probe,,0-22,22,,10YR3/3,,Not Found,,,,,1MGr,,,4/16/2025,,,,,,,
22,250385,BA,Probe,,22-41,19,,7.5YR4/4,,Not Found,,,,,2CoSBK,,"org stains, charcoal",4/16/2025,,,Yes,,,,
22,250386,Bt1,Probe,,41-88,47,,5YR4/6,,Not Found,,,,,2CoSBK,,org stains,4/16/2025,,,,,,,
22,250387,Bt2,Probe/Auger,,88-125,37,,5YR4/8,,Not Found,,,,,2CoSBK,,VF roots,4/16/2025,,,,,,,
22,250388,Bt3,Auger,,125-150+,25,,7.5YR5/8,,Not Found,,,,,2CoSBK,,,4/16/2025,,,,,,,
23,240341,Ap1,Auger,Dothan,0-18,18,A,10YR4/3,5.075,86.1,8.825,LS,,,1FGr,VFR,,5/29/2024,,,,,,,
23,240342,Ap2,Auger,Dothan,18-32,14,C,10YR4/3,4.955,86.95,8.095,LS,,,1MSBK,VFR,,5/29/2024,,,,,,,
23,240343,Bt1,Auger,Dothan,32-65,33,C,10YR5/6,22.25,65.5,12.25,SCL,,,2MSBK,FR,,5/29/2024,,,,,,,
23,240344,Bt2,Auger,Dothan,65-100,35,C,10YR5/6,21.8,67.65,10.55,SCL,SCL,,2MSBK,FR,3% 7.5YR 5/8 concentration (small/fine). Few pieces of uncoated sand grain (1-2 cm in length).,5/29/2024,,,,,Yes,,
23,240345,Btv,Auger,Dothan,100-159+,49,,10YR5/6,19.45,71.3,9.25,SL,SCL,,2MSBK,FR,1% 5YR 5/8 concentraation (fine). ~2% 7.5YR 4/6 plinthite nodules,5/29/2024,,,,,Yes,,
24,250389,Ap,Probe,Stilson?,0-35,35,C,10YR3/2,,Not Found,,,,,1MGr,,many VF roots,4/17/2025,,,,,,,
24,250390,AB,Probe,Stilson?,35-60,25,Gr,10YR3/1,,Not Found,,,,,2MSBK,,few VF roots,4/17/2025,,,,,,,
24,250391,Bt1,Probe,Stilson?,60-87,27,C,10YR5/6,,Not Found,,,,,1MSBK,,few VF roots,4/17/2025,,,,,,,
24,250392,Bt2,Probe,Stilson?,87-101,14,C,10YR5/8,,Not Found,,,,,1MSBK,,few VF roots,4/17/2025,,,,,,,
24,250393,Bt3,Probe,Stilson?,101-136,35,A,10YR4/6,,Not Found,,,,,1MSBK,,"Mn, many, large, 10YR2/1. many VF roots, ",4/17/2025,,,,,Yes,,
24,250394,Bt4,Probe/Auger,Stilson?,136-150+,14,,10YR5/8,,Not Found,,,,,1MSBK,,"few Mn, many soft iron conc. 7.5YR4/6.",4/17/2025,,,,,,,
25,250395,Ap1,Probe,,0-24,24,C,7.5YR4/3,,Not Found,,,,,1MGr,,F roots,4/17/2025,,,,,,,
25,250396,Ap2,Probe,,24-45,21,A,7.5YR4/4,,Not Found,,,,,1MGr,,VF roots common,4/17/2025,,,,,,,
25,250397,Ab,Probe,,45-90,45,A,7.5YR3/2,,Not Found,,,,,2MSBK,,moisture present. 5YR4/6 concentrations. VF roots,4/17/2025,,,,,Yes,,
25,250398,Eb1,Probe,,90-117,27,Gr,10YR4/4,,Not Found,,,,,1MSBK,,,4/17/2025,,,,,,,
25,250399,Eb2,Probe,,117-163,46,C,10YR5/6,,Not Found,,,,,1MSBK,,few 10YR5/8  concentrations,4/17/2025,,,,,Yes,,
25,250400,Eb3,Auger,,163-183,20,C,2.5Y6/4,,Not Found,,,,,1MSBK,,"2.5Y7/2 depletions, 5%",4/17/2025,170,,,Yes,,,
25,250401,Btb,Auger,,183-200+,17,,10YR6/6,,Not Found,,,,,1MSBK,,"2.5Y7/2 depletions, 3%. 10YR5/6 concentrations, 10%.",4/17/2025,,,,Yes,Yes,,
26,250498,Ap,Probe,,0-20,20,C,10YR3/4,,Not Found,,,,,1MGr,,few VF roots,4/30/2025,,,,,,,
26,250499,BA,Probe,,20-42,22,C,7.5YR4/4,,Not Found,,,,,2CoSBK,,"dark organic stains, charcoal few VF roots",4/30/2025,,,Yes,,,,
26,250500,Bt1,Probe,,42-73,31,Gr,5YR4/6,,Not Found,,,,,2CoSBK,,"organic stains, stripped root channels few VF roots",4/30/2025,,,,,,,
26,250501,Bt2,Probe,,73-101,28,Gr,5YR5/8,,Not Found,,,,,1MSBK,,few VF roots,4/30/2025,,,,,,,
26,250502,Bt3,Probe/Auger,,101-150+,49,,5YR5/8,,Not Found,,,,,1MSBK,,few VF roots,4/30/2025,,,,,,,
27,250508,Ap,Probe,,0-30,30,C,5YR4/6,,Not Found,,,,,1MGr,,"mixed, vf roots, 40% 2.5YR4/6",4/30/2025,,,,,,,
27,250509,BA,Probe,,30-52,22,Gr,2.5YR4/6,,Not Found,,,,,2CoSBK,,VF roots,4/30/2025,,,,,,,
27,250510,Bt1,Probe,,52-77,25,Gr,2.5YR4/6,,Not Found,,,,,2MSBK,,VF roots,4/30/2025,,,,,,,
27,250511,Bt2,Probe/Auger,,77-150+,73,,2.5YR3/6,,Not Found,,,,,2CoSBK,,VF roots common,4/30/2025,,,,,,,
28,250522,Ap1,Probe,,0-15,15,C,7.5YR4/4,,Not Found,,,,,1MGr,,VF roots common,4/30/2025,,,,,,,
28,250523,Ap2,Probe,,15-28,13,A,5YR4/4,,Not Found,,,,,1MSBK,,VF roots common,4/30/2025,,,,,,,
28,250524,Bt1,Probe,,28-52,24,Gr,2.5YR4/6,,Not Found,,,,,2MSBK,,VF roots common,4/30/2025,,,,,,,
28,250525,Bt2,Probe/Auger,,52-123,71,Gr,2.5YR3/6,,Not Found,,,,,2CoSBK,,"charcoal, few VF roots common",4/30/2025,,,Yes,,,,
28,250526,Bt3,Auger,,123-150+,27,,2.5YR3/6,,Not Found,,,,,2CoSBK,,VF roots common,4/30/2025,,,,,,,
29,240311,Ap1,Auger,Greenville,0-20,20,,5YR 4/4,5.5,86.2,8.3,LS,,,1MGr,,,5/2/2024,,Typic Kanhapludult?,,,,,
29,240312,Ap2,Auger,Greenville,20-34,14,,5YR 4/4,15.7,74.2,10.1,SL,,,1FSBK,,,5/2/2024,,,,,,,
29,240313,Bt1,Auger,Greenville,34-69,35,,5YR4/6,23.75,65.3,10.95,SCL,,,1MSBK,,Charcoal,5/2/2024,,,Yes,,,,
29,240314,Bt2,Auger,Greenville,69-127,58,,2.5YR3/6,66.7,28.7,4.6,C,SCL,,2MSBK,,Charcoal,5/2/2024,,,Yes,,,,
29,240315,Bt3,Auger,Greenville,127-166+,39,,2.5YR3/6,53.3,41.1,5.6,C,SL,,1MSBK,,Charcoal,5/2/2024,,,Yes,,,,
30,240316,Ap1,Auger,Greenville,0-11,11,,7.5YR3/4,5.37,86.5,8.13,LS,,,1MGr,,,5/2/2024,,,,,,,
30,240317,Ap2,Auger,Greenville,11-21,10,,7.5YR4/3,7.77,83.25,8.98,LS,,,1MGr,,,5/2/2024,,,,,,,
30,240318,Bt1,Auger,Greenville,21-48,27,,5YR3/4,38.8,51.25,9.95,SC,,,2MSBK,,,5/2/2024,,,,,,,
30,240319,Bt2,Auger,Greenville,48-72,24,,2.5YR4/8,40.45,50.2,9.35,SC,,,2MSBK,,,5/2/2024,,,,,,,
30,240320,Bt3,Auger,Greenville,72-110,38,,2.5YR3/6,66.5,28.95,4.55,C,SCL,24%,2MSBK,,,5/2/2024,,,,,,,
30,240321,Bt4,Auger,Greenville,110-167+,57,,2.5YR3/6,69.15,27.05,3.8,C,SL,18%,2MSBK,,,5/2/2024,,,,,,,
31,250402,Ap1,Probe,,0-18,18,,10YR4/4,,Not Found,,,,,1MGr,,,4/16/2025,,,,,,,
31,250403,Ap2,Probe,,18-32,14,,7.5YR4/4,,Not Found,,,,,1MGr,,VF root,4/16/2025,,,,,,,
31,250404,Bt1,Probe,,32-76,44,,2.5YR4/8,,Not Found,,,,,2CoSBK,,VF root,4/16/2025,,,,,,,
31,250405,Bt2,Probe,,76-118,42,,2.5YR4/6,,Not Found,,,,,2CoSBK,,VF root,4/16/2025,,,,,,,
31,250406,Bt3,Auger,,118-150+,32,,2.5YR4/6,,Not Found,,,,,2MSBK,,VF root,4/16/2025,,,,,,,
32,250407,Ap,Probe,,0-10,10,C,10YR4/3,,Not Found,,,,,1MGr,,,4/16/2025,,,,,,,
32,250408,BA,Probe,,10-20,10,C,7.5YR3/4,,Not Found,,,,,2MSBK,,org stains,4/16/2025,,,,,,,
32,250409,Bt1,Probe,,20-47,27,Gr,7.5YR4/6,,Not Found,,,,,2MSBK,,Few org stains,4/16/2025,,,,,,,
32,250410,Bt2,Probe/Auger,,47-112,65,C,7.5YR5/8,,Not Found,,,,,1MSBK,,few charcoal,4/16/2025,,,Yes,,,,
32,250411,Bt3,Auger,,112-150+,38,,10YR5/8,,Not Found,,,,,2MSBK,,,4/16/2025,,,,,,,
33,250412,Ap,Probe,,0-22,22,Ab,10YR4/3,,Not Found,,,S,,1MGr,,,4/16/2025,,,,,,,
33,250413,BA,Probe,,22-42,20,C,10YR4/6,,Not Found,,,,,1MSBK,,org stains common,4/16/2025,,,,,,,
33,250414,Bt1,Probe,,42-77,35,Gr,7.5YR4/6,,Not Found,,,,,2MSBK,,VF roots common,4/16/2025,,,,,,,
33,250415,Bt2,Probe/Auger,,77-120,43,Gr,7.5YR5/8,,Not Found,,,,,2CoSBK,,VF roots common,4/16/2025,,,,,,,
33,250416,Bt3,Auger,,120-154+,34,,10YR5/8,,Not Found,,,SCL,,2CoSBK,,,4/16/2025,,,,,,,
34,240346,Ap1,Auger,Bonneau,0-11,11,A,10YR4/2,5.99,82.25,11.76,LS,,,1FGr,VFR,,5/29/2024,,,,,,,
34,240347,Ap2,Auger,Bonneau,11-34,23,A,10YR5/3,5.48,86.6,7.92,LS,,,1MGr,VFR,,5/29/2024,,,,,,,
34,240348,Bt1,Auger,Bonneau,34-60,26,C,10YR5/6,23.2,62.25,14.55,SCL,,,2MSBK,FR,2% 7.5YR 5/8,5/29/2024,,,,,,,
34,240349,Bt2,Auger,Bonneau,60-100,40,C,2.5Y5/6,9.245,79.2,11.555,SL,,,2MSBK,FR,Hit water table. 10YR4/6 soft iron mass accumulations. 2% 2.5Y7/2 depletions.,5/29/2024,60 cm,,,Yes,Yes,,
34,240350,Btv1,Auger,Bonneau,100-127,27,C,2.5Y6/4,8.075,81.65,10.275,LS,,,2MSBK,FR,10YR4/6 plinthite. 2.5Y5/6 concentrations. 2.5Y6/2 depletions,5/29/2024,,,,Yes,Yes,,
34,240351,Btv2,Auger,Bonneau,127-151+,24,,2.5Y6/4,8.465,82.3,9.235,LS,,,2MSBK,FR,2.5Y5/6 concentrations. 5Y7/1 depletions. 10YR4/6 plinthite.,5/29/2024,,,,Yes,Yes,,
35,250417,^Ap,Probe,,0-21,21,C,10YR4/4,,Not Found,,,,,1MGr,,,4/17/2025,,,,,,Yes,
35,250418,^C1,Probe,,21-70,49,,10YR3/4,,Not Found,,,,,SLSMA,,50% 10YR3/3. common charcoal,4/17/2025,,,Yes,,,Yes,
35,250419,^C2,Probe,,70-95,25,,7.5YR4/6,,Not Found,,,,,SLSSG,,,4/17/2025,,,,,,Yes,
35,250420,Ab,Probe/Auger,,95-129,34,,2.5Y2/1,,Not Found,,,,,1MSBK,,50% 10YR3/2.,4/17/2025,,,,,,,
35,250421,Bwb,Auger,,129-145+,16,,10YR5/6,,Not Found,,,,,2MSBK,,"50% 10YR5/4. org stains, mystery horizon?",4/17/2025,135 cm,,,,,,
36,250422,Ap,Probe,,0-25,25,C,10YR3/3,,Not Found,,,,,1MGr,,F/VF roots,4/17/2025,,,,,,,
36,250423,BA,Probe,,25-39,14,C,5YR4/4,,Not Found,,,,,1CoSBK,,F/VF roots,4/17/2025,,,,,,,
36,250424,Bt1,Probe,,39-70,31,Gr,5YR4/6,,Not Found,,,,,2MSBK,,F/VF roots,4/17/2025,,,,,,,
36,250425,Bt2,Probe,,70-96,26,Gr,5YR4/6,,Not Found,,,,,1MSBK,,"common bleached root channels, F/VF roots",4/17/2025,,,,,,,
36,250426,Bt3,Probe/Auger,,96-150+,54,,2.5YR4/8,,Not Found,,,,,1MSBK,,"few bleached root channels, F/VF roots",4/17/2025,,,,,,,
37,250489,Ap,Probe,,0-17,17,C,7.5YR4/4,,Not Found,,,,,1MGr,,very fine roots,4/30/2025,,,,,,,
37,250490,Bt1,Probe,,17-46,29,Gr,2.5YR4/6,,Not Found,,,,,2CoSBK,,very fine roots,4/30/2025,,,,,,,
37,250491,Bt2,Probe,,46-90,44,D,10R4/6,,Not Found,,,,,2CoSBK,,very fine roots,4/30/2025,,,,,,,
37,250492,Bt3,Probe/Auger,,90-150+,60,,10R4/6,,Not Found,,,,,2MSBK,,,4/30/2025,,,,,,,
38,250479,Ap,Probe,,0-26,26,A,10YR4/3,,Not Found,,,,,1MGr,,fine roots,4/30/2025,,,,,,,
38,250480,Bt1,Probe,,26-41,15,C,5YR4/6,,Not Found,,,,,2MSBK,,fine roots,4/30/2025,,,,,,,
38,250481,Bt2,Probe,,41-69,28,Gr,2.5YR4/8,,Not Found,,,,,2MSBK,,"large root pores, fine roots",4/30/2025,,,,,,,
38,250482,Bt3,Probe/Auger,,69-111,42,Gr,2.5YR3/6,,Not Found,,,,,2CoSBK,,"large root pores, fine roots",4/30/2025,,,,,,,
38,250483,Bt4,Auger,,111-150+,39,,2.5YR3/6,,Not Found,,,,,2CoSBK,,"large  roots, common",4/30/2025,,,,,,,
40,240322,Ap,Auger,Greenville,0-13,13,,5YR4/6,28.55,62.9,8.55,SCL,,,1FSBK,,,5/2/2024,,,,,,,
40,240323,BA,Auger,Greenville,13-30,17,,2.5YR3/6,65.65,29.05,5.3,C ,,,2MSBK,,Organic staining; few charcoal present,5/2/2024,,,Yes,,,,
40,240324,Bt1,Auger,Greenville,30-70,40,,2.5YR3/6,74.4,22.15,3.45,C ,,,2MSBK,,,5/2/2024,,,,,,,
40,240325,Bt2,Auger,Greenville,70-127,57,,10R4/6,73.35,23.7,2.95,C ,,,2MSBK,,,5/2/2024,,,,,,,
40,240326,Bt3,Auger,Greenville,127-156+,29,,10R4/6,73.85,23.75,2.4,C ,,,2MSBK,,,5/29/2024,,,,,,,
41,250427,Ap,Probe,,0-19,19,C,10YR3/3,,Not Found,,,,,1FGr,,VF roots common,4/16/2025,,,,,,,
41,250428,AB,Probe,,19-54,35,C,7.5YR3/4,,Not Found,,,,,1MSBK,,"org stains and charcoal,VF roots common",4/16/2025,,,Yes,,,,
41,250429,Bt1,Probe,,54-114,60,Gr,5YR4/6,,Not Found,,,,,2MSBK,,VF roots common,4/16/2025,,,,,,,
41,250430,Bt2,Auger,,114-150+,36,,5YR4/6,,Not Found,,,,,2MSBK,,,4/16/2025,,,,,,,
42,250431,Ap1,Probe,,0-23,23,C,10YR4/3,,Not Found,,,,,1MGr,,,4/16/2025,,,,,,,
42,250432,Ap2,Probe,,23-39,16,Ab,10YR4/4,,Not Found,,,,,1MGr,,,4/16/2025,,,,,,,
42,250433,Bt1,Probe,,39-70,31,C,10YR5/6,,Not Found,,,,,2CoSBK,,,4/16/2025,,,,,,,
42,250434,Bt2,Probe,,70-105,35,C,10YR5/8,,Not Found,,,,,2CoSBK,,"plinthite, soft, 5%",4/16/2025,,,,,,,
42,250435,Btv1,Probe/Auger,,105-140,35,C,10YR5/8,,Not Found,,,,,2CoSBK,,"few 2.5Y7/2 depletions, plinthite 5YR4/6 10%, iron conc 7.5YR5/8 10%",4/16/2025,,,,Yes,Yes,,
42,250436,Btv2,Auger,,140-150+,10,,10YR5/6,,Not Found,,,,,2CoSBK,,"plinthite, 2.5YR4/8, 25%",4/16/2025,,,,,,,
43,250437,Ap,Probe,,0-31,31,Ab,10YR4/2,,Not Found,,,LS,,1MGr,,,4/16/2025,,,,,,,
43,250438,BE,Probe,,31-63,32,C,10YR5/4,,Not Found,,,SL,,1MSBK,,,4/16/2025,,,,,,,
43,250439,Bt1,Probe/Auger,,63-93,30,C,10YR5/6,,Not Found,,,SL,,1MSBK,,"10YR5/8 plinthite, common (3%). org stains. root channel depletions.",4/16/2025,,,,Yes,,,
43,250440,Bt2,Auger,,93-112,19,C,10YR6/4,,Not Found,,,SL,,2MSBK,,"10YR5/8 iron concentrations, common(5%)",4/16/2025,,,,,Yes,,
43,250441,Btg,Auger,,112-150+,38,,2.5Y7/2,,Not Found,,,LS,,2MSBK,,"10YR5/8 soft iron masses. 5Y7/2 white depletions, many.",4/16/2025,,,,Yes,,,
44,240352,Ap1,Auger,Bonneau,0-27,27,,10YR4/2,5.32,85.1,9.58,LS,,,1MGr,,,5/29/2024,,,,,,,
44,240353,A/E,Auger,Bonneau,27-46,19,,10YR4/2,5.895,83.2,10.905,LS,,,1MSBK,,mixed color; not redox,5/29/2024,,,,,,,Yes
44,240354,E,Auger,Bonneau,46-63,17,,2.5Y6/4,6.355,83.1,10.545,LS,,,1MSBK,,,5/29/2024,,,,,,,
44,240355,Bt1,Auger,Bonneau,63-94,31,,10YR6/4,7.245,82.35,10.405,LS,,,2MSBK,,redox: 10YR5/8 concentrations at 3%. 2.5Y6/3 depletions at 2%,5/29/2024,81 cm,,,Yes,Yes,,
44,240356,Bt2,Auger,Bonneau,94-128,34,,2.5Y5/6,7.14,83.05,9.81,LS,,,2MSBK,,7.5YR5/8 plinthite at 4-5%. 2.5Y6/2 depletions at 4-5%,5/29/2024,,,,Yes,,,
44,240357,Btvg,Auger,Bonneau,128-158+,30,,10YR6/2,9.14,82.4,8.46,LS,,,2MSBK,,7.5YR5/8 plinthite at 20%. mottled depletions 10YR 6/2 at 45% and 7.5YR6/8 at 35%,5/29/2024,,,,Yes,Yes,,
45,250442,Ap1,Probe,,0-19,,C,7.5YR4/3,,Not Found,,,,,1MGr,,many F/VF roots,4/17/2025,,,,,,,
45,250443,Ap2,Probe,,19-35,,Ab,7.5YR4/4,,Not Found,,,,,1CoGr,,somewhat blocky... large biopores. VF roots common. ,4/17/2025,,,,,,,
45,250444,Bt1,Probe,,35-66,,Gr,2.5YR3/6,,Not Found,,,,,2CoSBK,,,4/17/2025,,,,,,,
45,250445,Bt2,Probe/Auger,,66-115,,Gr,2.5YR3/6,,Not Found,,,,,2CoSBK,,,4/17/2025,,,,,,,
45,250446,Bt3,Auger,,115-150+,,,2.5YR3/6,,Not Found,,,,,2CoSBK,,rounded ironstone.,4/17/2025,,,,,,,
46,250447,Ap,Probe,,0-18,18,Ab,7.5YR4/3,,Not Found,,,,,1MGr,,,4/17/2025,,,,,,,
46,250448,BA,Probe,,18-34,16,Ab,5YR4/6,,Not Found,,,,,1MSBK,,,4/17/2025,,,,,,,
46,250449,Bt1,Probe,,34-87,53,Gr,2.5YR3/6,,Not Found,,,,,2MSBK,,org stains,4/17/2025,,,,,,,
46,250450,Bt2,Probe/Auger,,87-150+,63,,2.5YR3/6,,Not Found,,,,,2CoSBK,,,4/17/2025,,,,,,,
47,250493,Ap,Probe,,0-22,22,C,10YR4/3,,Not Found,,,,,1MGr,,vf roots many,4/30/2025,,,,,,,
47,250494,BA,Probe,,22-42,20,C,5YR4/4,,Not Found,,,,,1MSBK,,vf roots many,4/30/2025,,,,,,,
47,250495,Bt1,Probe,,42-62,20,Gr,2.5YR4/6,,Not Found,,,,,1MSBK,,vf roots many,4/30/2025,,,,,,,
47,250496,Bt2,Probe,,62-98,36,Gr,2.5YR3/6,,Not Found,,,,,2MSBK,,vf roots many,4/30/2025,,,,,,,
47,250497,Bt3,Probe/Auger,,98-150+,52,,2.5YR3/6,,Not Found,,,,,2CoSBK,,vf roots many,4/30/2025,,,,,,,
48,250473,Ap,Probe,,0-11,11,C,10YR3/3,,Not Found,,,,,,VFR,,4/30/2025,,,,,,,
48,250474,^C1,Probe,,11-39,28,A,2.5YR3/4,,Not Found,,,,,,F,"organic stains, 75% red, 25% 7.5YR 3/2",4/30/2025,,,,,,Yes,
48,250475,^C2,Probe,,39-60,21,A,2.5YR3/6,,Not Found,,,,,,EF,compacted,4/30/2025,,,,,,Yes,
48,250476,^C3,Probe,,60-78,18,A,2.5YR3/6,,Not Found,,,,,,,"ironstone,charcoal, organic stains, 2.5YR 3/3 many ",4/30/2025,,,Yes,,,Yes,
48,250477,Bt1,Probe/Auger,,78-100,22,Gr,2.5YR4/6,,Not Found,,,,,,EF,Compacted,4/30/2025,,,,,,,
48,250478,Bt2,Auger,,100-150,50,,2.5YR4/6,,Not Found,,,,,,F,,4/30/2025,,,,,,,
49,250463,^Ap,Probe,,0-29,29,C,10YR4/4,,Not Found,,,,,1MGr,,,4/30/2025,,,,,,Yes,
49,250464,^C1,Probe,,29-43,14,C,7.5YR3/3,,Not Found,,,,,SLSMA,,org stains,4/30/2025,,,,,,Yes,
49,250465,^C2,Probe,,43-67,24,C,5YR4/6,,Not Found,,,,,SLSMA,,"many charcoal, 20%",4/30/2025,,,Yes,,,Yes,
49,250466,^C3,Probe,,67-103,36,Gr,7.5YR4/4,,Not Found,,,,,SLSMA,,"few charcoal, 5%",4/30/2025,,,Yes,,,Yes,
49,250467,Bt,Probe/Auger,,103-150+,47,,2.5YR4/6,,Not Found,,,,,2CoSBK,,,4/30/2025,,,,,,,
52,250451,Ap1,Probe,,0-8,8,C,10YR4/2,,Not Found,,,LS,,,,,4/16/2025,,,,,,,
52,250452,Ap2,Probe,,8-31,23,C,10YR4/2,,Not Found,,,LS,,,,org stains,4/16/2025,,,,,,,
52,250453,AE,Probe,,31-52,21,C,10YR4/3,,Not Found,,,LS,,,,org stains,4/16/2025,,,,,,,
52,250454,E1,Probe,,52-74,22,C,7.5YR5/6,,Not Found,,,LS,,,,org stains,4/16/2025,,,,,,,
52,250455,E2,Probe,,74-98,24,C,7.5YR6/6,,Not Found,,,LS,,,,uncoated grains common,4/16/2025,,,,,,,
52,250456,E3,Probe/Auger,,98-140,42,Gr,7.5YR7/4,,Not Found,,,S,,,,"many uncoated sand grains, 7.5YR7/2.",4/16/2025,,,,,,,
52,250457,Bt,Auger,,140-190,50,C,10YR5/8,,Not Found,,,SL,,,,"clean sand 25%. 2.5YR6/3 depletions.7.5YR4/6 plinthite, few.",4/16/2025,,,,Yes,,,
52,250458,Btv,Auger,,190-213+,23,,10YR6/6,,Not Found,,,SL,,,,"7.5YR4/6 plinthite, 12%. free water.",4/16/2025,,,,,,,
53,240358,Ap1,Auger,Lucy,0-26,26,A,10YR3/3,6.25,82.9,10.85,LS,SL,5,1FGr,VFR,,5/29/2024,,,,,,,
53,240359,Ap2,Auger,Lucy,26-48,22,C,10YR4/4,10.75,78.1,11.15,SL,SL,5,1MGr,VFR,,5/29/2024,,,,,,,
53,240360,Bt1,Auger,Lucy,48-83,35,C,7.5YR4/6,16.6,73.4,10,SL,SL,12,1MSBK,VFR,,5/29/2024,,,,,,,
53,240361,Bt2,Auger,Lucy,83-115,32,C,2.5YR4/6,23.2,67.55,9.25,SCL,SL,16,1MSBK,FR,,5/29/2024,,,,,,,
53,240362,Bt3,Auger,Lucy,115-159+,44,,2.5YR3/6,54.55,41.15,4.3,C ,SCL,24,2MSBK,FR,,5/29/2024,,,,,,,
54,240363,Ap1,Auger,Lucy,0-18,18,C,10YR4/4,5.15,86.3,8.55,LS,LS,,1FGr,L,,5/29/2024,,,,,,,
54,240364,Ap2,Auger,Lucy,18-36,18,C,7.5YR4/4,10.05,79.2,10.75,SL,SL,,1FSBK,VFR,,5/29/2024,,,,,,,
54,240365,Bt1,Auger,Lucy,36-88,52,C,2.5YR4/6,58.55,33.9,7.55,C ,SCL,,2MSBK,FR,,5/29/2024,,,,,,,
54,240366,Bt2,Auger,Lucy,88-153+,65,,2.5YR4/8,60.15,34.05,5.8,C ,SCL,,2MSBK,FR,,5/29/2024,,,,,,,
55,250197,Ap,Auger,Greenville,0-35,35,A,7.5YR4/4,,,,,,,1MGr,,,5/20/2025,,,,,,,
55,250198,Bt1,Auger,Greenville,35-55,20,C,5YR4/6,,,,,,,2MSBK,,few charcoal,5/20/2025,,,Yes,,,,
55,250199,Bt2,Auger,Greenville,55-100,45,Gr,2.5YR4/6,,,,,,,2MSBK,,few charcoal fragments- large,5/20/2025,,,Yes,,,,
55,250200,Bt3,Auger,Greenville,100-150+,50,,2.5YR3/6,,,,,,,2MSBK,,few charcoal fragments- large,5/20/2025,,,Yes,,,,
56,250236,Ap,Auger,Greenville,0-32,32,C,7.5YR4/4,,,,,,,1MGr,L,,5/20/2025,,,,,,,
56,250237,Bt1,Auger,Greenville,32-57,25,Gr,2.5YR4/6,,,,,,,2MSBK,FR,few charcoal fragments and organic stains,5/20/2025,,,Yes,,,,
56,250238,Bt2,Auger,Greenville,57-115,58,Gr,2.5YR4/6,,,,,,,2MSBK,FR,,5/20/2025,,,,,,,
56,250239,Bt3,Auger,Greenville,115-150+,35,,2.5YR4/6,,,,,,,2MSBK,FR,,5/20/2025,,,,,,,
57,250231,Ap,Auger,,0-25,25,C,10YR3/2,,,,,,,,,,5/20/2025,,,,,,,
57,250232,BA,Auger,,25-45,20,C,2.5YR3/3,,,,,,,,,,5/20/2025,,,,,,,
57,250233,Bt1,Auger,,45-81,36,C,2.5YR3/4,,,,,,,,,"common charcoal fragments, large",5/20/2025,,,Yes,,,,
57,250234,Bt2,Auger,,81-125,44,Gr,2.5YR3/6,,,,,,,,,"common charcoal fragments, large",5/20/2025,,,Yes,,,,
57,250235,Bt3,Auger,,125-150+,25,,2.5YR4/6,,,,,,,,,"common charcoal fragments, large",5/20/2025,,,Yes,,,,
59,250230,^C,Auger,,0-50+,50,,2.5YR4/4,,,,,,,2MSBK,,Fill. Did not go farther than 50 cm,5/20/2025,,,,,,Yes,
61,240327,Ap,Auger,Greenville,0-30,30,,7.5YR3/3,7.045,83.5,9.455,LS,,,1MGr,,,5/2/2024,,,,,,,
61,240328,BA,Auger,Greenville,30-55,25,,2.5YR3/4,47.75,43.8,8.45,C ,,,2MSBK,,,5/2/2024,,,,,,,
61,240329,Bt1,Auger,Greenville,55-115,60,,2.5YR4/6,51.75,40.9,7.35,C ,,,2MSBK,,,5/2/2024,,,,,,,
61,240330,Bt2,Auger,Greenville,115-162+,47,,2.5YR3/6,59.7,35.7,4.6,C ,,,1MSBK,,,5/2/2024,,,,,,,
62,240367,Ap,Auger,Greenville,0-26,26,A,10YR4/4,5.2,86.65,8.15,LS,SL,6,1FGr,VFR,10%  10YR 5/6 bodies,5/29/2024,,,,,Yes,,
62,240368,Bt1,Auger,Greenville,26-51,25,C,2.5YR4/6,41.1,48.75,10.15,SC,SCL,22,2MSBK,FR,,5/29/2024,,,,,,,
62,240369,Bt2,Auger,Greenville,51-109,58,C,2.5YR3/6,54.15,39,6.85,C ,SCL,27,2MSBK,FR,,5/29/2024,,,,,,,
62,240370,Bt3,Auger,Greenville,109-150+,41,,2.5YR3/6,68.15,28.25,3.6,C ,C,32,2MSBK,FR,,5/29/2024,,,,,,,
63,240371,Ap1,Auger,Lucy,0-26,26,C,10YR3/3,7.455,80.7,11.845,LS,LS,,1FGr,FR,5% 5YR4/4 bodies,5/29/2024,,,,,Yes,,
63,240372,Ap2,Auger,Lucy,26-45,19,A,10YR3/3,7.51,79.95,12.54,LS,SL,,1MSBK,FR,20% 10YR3/2 bodies,5/29/2024,,,,,,,
63,240373,Bt1,Auger,Lucy,45-116,71,G,2.5YR4/6,66.5,28.05,5.45,C ,C,,2CSBK,FT,,5/29/2024,,,,,,,
63,240374,Bt2,Auger,Lucy,116-152+,36,,2.5YR4/6,66.75,28.4,4.85,C ,CL,,2MSBK,FR,,5/29/2024,,,,,,,
64,250248,Ap1,Auger,Greenville,0-30,30,C,7.5YR3/3,,,,,,,1MGr,,,5/29/2024,,,,,,,
64,250249,Ap2,Auger,Greenville,30-41,11,A,5YR3/4,,,,,,,1MGr,,long organic stains from roots,5/29/2024,,,,,,,
64,250250,BA,Auger,Greenville,41-61,20,Gr,2.5YR4/6,,,,,,,2MSBK,,"common orgainic stains, few rounded quartz",5/29/2024,,,,,,,
64,250251,Bt1,Auger,Greenville,61-111,50,Gr,2.5YR3/6,,,,,,,2MSBK,,organic stains,5/29/2024,,,,,,,
64,250252,Bt2,Auger,Greenville,111-150+,39,,2.5YR3/6,,,,,,,2MSBK,,,5/29/2024,,,,,,,
66,250240,Ap,Auger,,0-35,35,Gr,10YR4/3,,,,,,,1MGr,,,5/29/2024,,,,,,,
66,250241,Bt1,Auger,,35-62,27,C,5YR4/6,,,,,,,1MSBK,,organic stains,5/29/2024,,,,,,,
66,250242,Bt2,Auger,,62-100,38,Gr,2.5YR4/8,,,,,,,2MSBK,,"organic stains, rounded quartz",5/29/2024,,,,,,,
66,250243,Bt3,Auger,,100-150,50,,2.5YR3/6,,,,,,,2MSBK,,,5/29/2024,,,,,,,
67,250244,Ap,Auger,Greenville,0-20,20,A,7.5YR4/4,,,,,,,1MGr,,,5/29/2024,,,,,,,
67,250245,Bt1,Auger,Greenville,20-58,38,Gr,2.5YR4/6,,,,,,,2MSBK,,"organic stains, charcoal few",5/29/2024,,,,,,,
67,240246,Bt2,Auger,Greenville,58-106,48,Gr,2.5YR4/6,,,,,,,2MSBK,,charcoal few,5/29/2024,,,Yes,,,,
67,240247,Bt3,Auger,Greenville,106-150+,44,,2.5YR3/6,,,,,,,2MSBK,,,5/29/2024,,,,,,,
68,240331,Ap1,Auger,,0-16,16,A,7.5YR3/3,5.4,85.85,8.75,LS,,,1FGr,,,5/2/2024,,,,,,,
68,240332,Ap2,Auger,,16-33,17,C,7.5YR3/4,8.08,80.85,11.07,LS,,,1MGr,,,5/2/2024,,,,,,,
68,240333,Bt1,Auger,,33-77,44,,2.5YR3/6,47.45,42.95,9.6,C ,,,2MSBK,,,5/2/2024,,,,,,,
68,240334,Bt2,Auger,,77-118,41,,2.5YR3/6,75.35,21.2,3.45,C ,CL,,2MSBK,,Clay increase,5/2/2024,,,,,,,
68,240335,Bt3,Auger,,118-156+,38,,2.5YR3/6,80,17.5,2.5,C ,L/SL,,2MSBK,,,5/2/2024,,,,,,,
69,240336,Ap,Auger,,0-18,18,,10YR3/4,5.85,84.45,9.7,LS,,,1FGr,,,5/2/2024,,,,,,,
69,240337,AB,Auger,,18-30,12,,5YR3/4,18.3,69.55,12.15,SL,,,1MSBK,,organic staining,5/2/2024,,,,,,,
69,240338,BA,Auger,,30-60,30,,5YR4/6,46.45,42.95,10.6,C ,,,2MSBK,,organic staining; few yellow concretions at 5YR5/8,5/2/2024,,,,,Yes,,
69,240339,Bt1,Auger,,60-104,44,,2.5YR3/6,67.45,26.85,5.7,C ,,,2MSBK,,,5/2/2024,,,,,,,
69,240340,Bt2,Auger,,104-150+,46,,2.5YR3/6,78.25,18.8,2.95,C ,,,2MSBK,,,5/2/2024,,,,,,,
70,250201,Ap,Auger,Greenville,0-29,29,A,7.5YR4/3,,,,,,,1MGr,,,3/20/2025,,,,,,,
70,250202,BA,Auger,Greenville,29-60,31,C,2.5YR4/6,,,,,,,1MSBK,,few charcoal,3/20/2025,,,Yes,,,,
70,250203,Bt1,Auger,Greenville,60-115,55,Gr,2.5YR3/6,,,,,,,2MSBK,,few charcoal,3/20/2025,,,Yes,,,,
70,250204,Bt2,Auger,Greenville,115-150+,139,,2.5YR3/6,,,,,,,2MSBK,,,3/20/2025,,,,,,,
71,250205,Ap1,Auger,,0-33,33,A,10YR3/2,,,,,,,1MGr,,,3/20/2025,,,,,,,
71,250206,BA,Auger,,33-44,11,C,7.5YR3/4,,,,,,,1MGr,,,3/20/2025,,,,,,,
71,250207,Bt1,Auger,,44-71,27,C,5YR3/4,,,,,,,1MSBK,,common charcoal ,3/20/2025,,,Yes,,,,
71,250208,Bt2,Auger,,71-110,39,Gr,2.5YR3/4,,,,,,,2MSBK,,few charcoal,3/20/2025,,,Yes,,,,
71,250209,Bt3,Auger,,110-150+,40,,2.5YR3/6,,,,,,,2MSBK,,,3/20/2025,,,,,,,
72,250210,Ap,Auger,,0-20,20,C,10YR3/4,,,,,,,1MGr,,,3/20/2025,,,,,,,
72,250211,BA,Auger,,20-40,20,Gr,5YR4/6,,,,,,,1MSBK,,"organic stains, charcoal few",3/20/2025,,,Yes,,,,
72,250212,Bt1,Auger,,40-78,38,Gr,2.5YR4/6,,,,,,,2MSBK,,,3/20/2025,,,,,,,
72,250213,Bt2,Auger,,78-150+,72,,2.5YR3/6,,,,,,,2MSBK,,"sub-rounded quartz fragments, fine",3/20/2025,,,,,,,
73,250214,^Ap,Auger,,0-15,15,C,7.5YR4/6,,,,,,,1MGr,,"peanut residue, charcoal",3/20/2025,,,Yes,,,Yes,
73,250215,^C1,Auger,,15-43,28,C,5YR4/6,,,,,,,SLSMa,,FILL,3/20/2025,,,,,,Yes,
73,250216,^C2,Auger,,43-84,41,Gr,5YR3/4,,,,,,,SLSMa,,FILL,3/20/2025,,,,,,Yes,
73,250217,^C3,Auger,,84-125,41,A,7.5YR5/6,,,,,,,SLSMa,,organic matter throughout ,3/20/2025,,,,,,Yes,
73,250218,2Bt,Auger,,125-150+,25,,2.5YR4/8,,,,,,,2MSBK,,,3/20/2025,,,,,,,
75,250253,Ap1,Auger,Greenville,0-17,17,C,10YR3/4,,,,,LS,,1MGr,,,3/20/2025,,,,,,,
75,250254,Ap2,Auger,Greenville,17-28,11,C,7.5YR4/3,,,,,Sl,,1MSBK,,,3/20/2025,,,,,,,
75,250255,BA,Auger,Greenville,28-46,18,C,2.5YR4/6,,,,,SCL,,2MSBK,,"organic staining from roots, roots present",3/20/2025,,,,,,,
75,250256,Bt1,Auger,Greenville,46-75,29,C,2.5YR4/6,,,,,SCL,,2MSBK,,,3/20/2025,,,,,,,
75,250257,Bt2,Auger,Greenville,75-150+,75,,2.5YR3/6,,,,,C,,2CoSBK,,possibly CL,3/20/2025,,,,,,,
76,250263,Ap1,Auger,Greenville,0-20,20,C,7.5YR4/3,,,,,,,1MGr,L,,3/20/2025,,,,,,,
76,250264,Ap2,Auger,Greenville,20-33,13,C,7.5YR4/3,,,,,,,1MGr,L,,3/20/2025,,,,,,,
76,250265,BA,Auger,Greenville,33-48,15,C,5YR4/4,,,,,,,1MSBK,VFR,organic stains,3/20/2025,,,,,,,
76,250266,Bt1,Auger,Greenville,48-67,19,C,2.5YR4/6,,,,,,,2MSBK,FR,common 7.5YR5/6,3/20/2025,,,,,Yes,,
76,250267,Bt2,Auger,Greenville,67-89,22,C,2.5YR3/6,,,,,,,2MSBK,FR,,3/20/2025,,,,,,,
76,250268,Bt3,Auger,Greenville,89-130,41,Gr,2.5YR3/6,,,,,,,2MSBK,FR,,3/20/2025,,,,,,,
76,250269,Bt4,Auger,Greenville,130-150+,20,,2.5YR3/6,,,,,,,2MSBK,FR,few 7.5YR5/8,3/20/2025,,,,,,,
77,250270,Ap1,Auger,,0-27,27,C,10YR3/3,,,,,,,1MGr,,,3/20/2025,,,,,,,
77,250271,Ap2,Auger,,27-46,19,C,10YR3/3,,,,,,,1MGr,,Charcoal present,3/20/2025,,,Yes,,,,
77,250272,AE,Auger,,46-71,25,Gr,7.5YR4/6,,,,,SL,,1MSBK,,organic stains. Possibly AB?,3/20/2025,,,,,,,
77,250273,BE,Auger,,71-104,33,C,5YR4/6,,,,,LS,,1MSBK,,organic stains. Possibly BA?,3/20/2025,,,,,,,
77,250274,Bt1,Auger,,104-112,8,C,2.5YR4/6,,,,,,,2MSBK,,,3/20/2025,,,,,,,
77,250275,Bt2,Auger,,112-150+,38,,2.5YR4/6,,,,,,,3CoSBK,,,3/20/2025,,,,,,,
78,250258,Ap1,Auger,,0-17,17,C,10YR4/3,,,,,,,1MGr,,,3/20/2025,,,,,,,
78,250259,Ap2,Auger,,17-31,14,C,10YR4/3,,,,,,,1MGr,,,3/20/2025,,,,,,,
78,250260,AE,Auger,,31-60,29,C,7.5YR4/6,,,,,,,1MSBK,,,3/20/2025,,,,,,,
78,250261,E,Auger,,60-107,47,C,7.5YR5/8,,,,,,,1MSBK,,organic stains,3/20/2025,,,,,,,
78,250262,Bt,Auger,,107-150+,43,,5YR5/6,,,,,,,1MSBK,,"few depletions along root channels, <1% charcoal",3/20/2025,,,Yes,Yes,,,
79,250219,Ap1,Auger,,0-28,28,C,10YR4/3,,,,,,,1MGr,,,3/20/2025,,,,,,,
79,250220,Ap2,Auger,,28-41,13,C,7.5YR4/4,,,,,,,1MSBK,,"organic stains, common yellow concentrations",3/20/2025,,,,,Yes,,
79,250221,AE,Auger,,41-60,19,Gr,5YR4/6,,,,,,,1MSBK,,"organic stains, common yellow concentrations, 5YR5/8",3/20/2025,,,,,Yes,,
79,250222,BE,Auger,,60-102,42,Gr,5YR4/6,,,,,,,1MSBK,,few 5YR5/8,3/20/2025,,,,,Yes,,
79,250223,Bt1,Auger,,102-118,16,Gr,5YR4/6,,,,,,,1MSBK,,roots present,3/20/2025,,,,,,,
79,250224,Bt2,Auger,,118-150+,32,,2.5YR4/6,,,,,,,2MSBK,,,3/20/2025,,,,,,,
80,250225,Ap1,Auger,,0-23,23,,10YR3/3,,,,,,,1MGr,,,3/20/2025,,,,,,,
80,250226,Ap2,Auger,,23-44,21,,10YR5/3,,,,,,,1MGr,,,3/20/2025,,,,,,,
80,250227,AE,Auger,,44-85,41,,10YR4/4,,,,,,,2MSBK,,"few depletions, organic staining, 5YR 5/3",3/20/2025,,,,Yes,,,
80,250228,BE,Auger,,85-135,50,,7.5YR5/6,,,,,LS,,1MSBK,,"common depletions, 7.5YR5/4",3/20/2025,,,,Yes,,,
80,250229,Bt,Auger,,135-150+,15,,5YR5/8,,,,,SL,,1MSBK,,few depletions 7.5YR5/4,3/20/2025,,,,Yes,,,
81,,Bt1,Auger,,0-15,15,C,5YR4/6,,,,,SCL,,,,no sample,4/16/2025,,,,,,,
81,,Bt2,Auger,,15-45,30,Gr,2.5YR4/8,,,,,SCL,,,,no sample. Charcoal present,4/16/2025,,,Yes,,,,
81,,Bt3,Auger,,45-90+,45,,2.5YR4/8,,,,,,,,,no sample,4/16/2025,,,,,,,
P1,230045,Ap,Auger,Lucy?,0-30,30,,10YR4/2,6.965,83.2,9.835,LS,LS,,,,POSSIBLE FILL,5/15/2023,,,,,,,
P1,230046,,Auger,Lucy?,30-70,40,,7.5YR4/6,59.75,33.6,6.65,C ,SCL,,,,"Kaolin common, concentrations",5/15/2023,,,,,Yes,,
P1,230047,,Auger,Lucy?,70-88,18,,10YR3/2,28.85,62.15,9,SCL,SL,18,,,Kaolin few concentrations,5/15/2023,,,,,Yes,,
P1,230048,,Auger,Lucy?,88-129,41,,10YR4/6,50,42.75,7.25,C ,SC,45,,,Kaolin few concentrations. Charcoal present,5/15/2023,,,Yes,,Yes,,
P1,230049,,Auger,Lucy?,129-145,16,,2.5Y3/2,8.52,82.9,8.58,LS,LS,8,,,Charcoal present,5/15/2023,,,Yes,,,,
P1,230050,,Auger,Lucy?,145-168+,23,,10YR5/4,54.85,37.8,7.35,C ,SCL,,,,Kaolin few concentrations. Charcoal present,5/15/2023,,,Yes,,Yes,,
P2,230051,Ap,Auger,Orangeburg,0-22,22,,10YR4/3,4.825,87.05,8.125,LS,LS,,Gr,,,5/15/2023,,,,,,,
P2,230052,BA,Auger,Orangeburg,22-39,17,,10YR4/6,17.05,69.95,13,SL,SL,17,1MSBK,,,5/15/2023,,,,,,,
P2,230053,Bt1,Auger,Orangeburg,39-96,57,,7.5YR5/8,22.6,64.75,12.65,SCL,SL,18,2MSBK,,Few organic stains,5/15/2023,,,,,,,
P2,230054,Bt2,Auger,Orangeburg,96-162,66,,5YR5/8,29.85,62.1,8.05,SCL,SCL,22,2MSBK,,clay films,5/15/2023,,,,,,,
P2,230055,Bt3,Auger,Orangeburg,162-191+,29,,10YR6/8,23.35,69.2,7.45,SCL,SL,15,2MSBK,,clay films,5/15/2023,,,,,,,
P3,230056,Ap,Auger,Greenville,0-28,28,,10YR4/3,5.395,85.8,8.805,LS,LS,,Gr,,,5/15/2023,,,,,,,
P3,230057,Bt1,Auger,Greenville,28-52,24,,2.5YR3/6,45.2,43.9,10.9,C ,L,,1MSBK,,few organic stains. clay films,5/15/2023,,,,,,,
P3,230058,Bt2,Auger,Greenville,52-100,48,,2.5YR4/6,64.3,29.05,6.65,C ,CL,32,2MSBK,,clay films,5/15/2023,,,,,,,
P3,230059,Bt3,Auger,Greenville,100-170,70,,2.5YR4/6,66.25,28.5,5.25,C ,CL,35,2MSBK,,clay films,5/15/2023,,,,,,,
P3,230060,Bt4,Auger,Greenville,170-188+,18,,2.5YR4/6,67.7,28,4.3,C ,CL,28,1MSBK,,clay films,5/15/2023,,,,,,,
P4,230061,Ap,Auger,Orangeburg,0-32,32,,10YR4/4,,,,,LS,,Gr,,,5/15/2023,,,,,,,
P4,230062,BA,Auger,Orangeburg,32-61,29,,5YR5/8,31.65,57.85,10.5,SCL,SL,15,2MSBK,,,5/15/2023,,,,,,,
P4,230063,Bt1,Auger,Orangeburg,61-98,37,,2.5YR4/8,33.15,57.15,9.7,SCL,SL,16,2MSBK,,clay films,5/15/2023,,,,,,,
P4,230064,Bt2,Auger,Orangeburg,98-135,37,,5YR4/8,,,,,SCL,21,2MSBK,,clay films,5/15/2023,,,,,,,
P4,230065,Bt3,Auger,Orangeburg,135-159,24,,5YR5/8,31.9,61.7,6.4,SCL,SL,14,1MSBK,,clay films,5/15/2023,,,,,,,
P4,230066,Bt4,Auger,Orangeburg,159-188,29,,7.5YR5/8,31.3,62.15,6.55,SCL,SL,10,1MSBK,,clay films,5/15/2023,,,,,,,
