CID	LBC 1	LBCeq	pH 2	Ca	K	Mg	Mn	P	Zn
240401	184	487	6.23	528	58.6	63.2	10.25	38.61	5.41
240405	193	520	6.08	510	64.3	54.3	13.41	17.73	1.26
240409	187	498	6.12	539	49.9	66	9.53	19.93	1.5
240413	187	498	5.65	328	28.6	25.1	9.46	16.82	1.27
240417	120	252	5.42	110	25.9	20.5	6.31	2.02	0.19
240421	224	634	5.62	408	78.8	41.1	9.21	23.59	3.82
240425	153	373	5.99	380	39.1	51	9.6	10.27	1.22
240429	175	454	6.26	410	37.2	56.1	11.35	16.55	0.98
240433	215	601	6.06	555	75.9	87.7	14.41	25.79	1.81
240437	167	425	5.71	309	29	48.9	11.71	17.51	1.68
240441	154	377	6.41	377	43.6	47.4	7.7	23.25	2.16
240445	221	623	5.35	497	98.3	59.8	17.04	6.5	4.08
240449	156	384	6.11	296	20.9	40.3	11.54	5.78	1.1
240453	151	366	6.15	331	24.7	36.1	8.13	9.65	1.02
240457	165	417	6.19	373	33	41.2	8.28	16.63	1.41
240461	153	373	6.63	473	32.9	45.3	9.23	24.85	1.76
240465	153	373	6.81	458	45.2	49.2	8.3	29.2	1.76
240469	259	751	5.52	399	78.1	51.4	16.71	8.75	2.06
240473	161	403	6.26	370	34.5	45.9	9.8	18.86	1.32
240477	167	425	6.28	343	31.9	35.5	7.85	9.31	1.2
240481	155	381	6.03	271	46.5	32.6	8.44	6.56	0.99
240485	159	395	5.84	292	28.8	38.7	8.24	13.06	1.3
240489	262	760	6.08	739	82.9	102.3	20.07	23.23	2.44
240493	269	780	5.37	371	47.7	25.6	16.94	15.08	1.24
240497	128	282	5.2	202	59.3	43.9	7.51	3.82	1.1
240501	261	757	6	542	52.6	78	12.74	25.36	2.21
240505	155	381	6.1	331	42.4	47.6	11.75	2.74	0.92
240509	161	403	6.19	279	44.6	36.3	6.54	6.32	1.05
240513	171	439	6.08	308	50.5	42.1	6.72	14.65	1.58
240517	217	608	5.49	278	63.5	42.2	11.89	10.71	1.57
240521	194	524	5.75	339	80.4	43.2	13.26	10.53	1.25
240525	193	520	5.53	274	46.5	32.4	12.43	5.19	1.22
240529	159	395	6.31	432	34.9	64.9	8.35	22.05	1.55
240533	169	432	6.68	397	30.5	55	9.46	13.06	1.36
240537	169	432	6.04	279	31.3	32.1	10.55	15.83	1.43
240541	181	476	5.38	204	72.7	47.9	8.19	4.29	0.53
240545	101	183	5.29	214	56.5	34.8	11.61	3.2	0.56
240549	121	256	5.91	190	17.7	29.8	6.48	6.92	1.06
240553	105	197	5.92	432	40.2	80.9	12.82	8.07	1.2
240557	161	403	5.69	317	27.9	41.7	11.03	6.31	1.46
240561	95	160	6.54	297	32.9	49.2	7.08	3.04	0.77
240565	141	329	6.55	368	32.6	54.5	8.81	15.72	1.62
240569	126	274	6.1	429	49.3	51.7	12.09	13.81	1.6
240573	127	278	5.9	282	53.2	39.6	9.14	4.15	1.08
240577	83	116	5.99	337	40.1	58.6	12.61	8.12	1.66
240581	132	296	6.09	344	41.6	44.2	7.13	10.11	1.14
240598	246	715	6.14	494	87.8	70.9	25.46	38.77	2.22
240602	180	473	5.66	321	50.9	37.5	19.21	18.28	2.37
240606	155	381	5.98	183	45.3	23.9	11.9	9.34	1.27
240610	181	476	6.43	395	54.4	54.9	16.53	22.61	1.77
240614	213	594	6.25	339	58.1	54.1	13.65	22.29	1.83
240618	103	190	6.17	158	40.8	23.4	8.36	10.75	0.89
240622	195	528	6.63	369	71	46.5	14.15	8.12	1.43
240626	113	227	6.46	294	59.9	35.9	10.95	11.16	1.4
240630	229	652	6.35	438	77.7	52.2	19.69	29.65	2.61
240634	92	149	5.9	208	42.5	27	13.47	11.66	1
240638	169	432	6.44	260	44.6	41.3	12.43	11.69	1.07
240642	166	421	6.08	358	42.4	47.7	16.02	26.33	2.02
240646	190	509	6.91	358	38.2	54	12.72	13.23	1.67
240650	104	194	6.35	226	52.7	36.5	11.38	14.86	1.13
240654	149	359	6.56	279	36.5	36.6	8.91	13.17	1.45
240658	171	439	6.46	363	55.4	45.8	14.05	25	1.78
240662	184	487	6.92	433	68.4	64.8	15.53	30.5	2
240666	229	652	5.69	314	50.9	24.8	19.8	33.61	2.32
240670	167	425	6.68	366	44	46.1	14.59	19.46	1.56
240674	169	432	6.83	416	46.6	62.8	11.41	16.05	1.72
240678	166	421	7.14	357	40.4	48.4	9.89	17.47	1.84
240682	184	487	6.61	356	64.6	39.1	11.46	17.56	2.13
240400	189	506	6.55	661	64.3	74.8	17.50	45.86	6.75
240402	202	553	5.98	655	76.3	76.6	19.04	80.68	26.25
240403	170	436	5.87	654	78.3	95.6	17.83	82.64	30.42
240404	242	700	6.21	635	97.7	79.8	24.25	24.61	1.53
240406	156	384	6.18	623	63.3	55.1	17.86	15.66	1.89
240407	204	561	6.18	451	57.2	65.5	14.56	13.75	1.36
240408	149	359	5.90	413	63.2	53.1	14.47	31.22	1.28
240410	196	531	6.03	441	48.9	56.9	15.20	27.72	1.20
240411	154	377	5.84	552	50.1	73.8	21.09	31.38	4.10
240412	164	414	5.62	408	37.2	38.5	21.60	16.66	2.43
240414	128	282	5.84	345	53.2	61.4	17.63	13.10	1.38
240415	172	443	5.82	288	35.7	41.9	14.65	17.16	1.53
240416	148	355	5.36	313	90.0	57.2	53.17	17.66	6.21
240418	233	667	6.40	544	102.6	49.6	21.01	16.37	4.17
240419	142	333	5.94	317	111.3	51.0	11.00	10.69	3.58
240420	173	447	5.69	583	130.4	65.3	21.30	26.21	6.77
240422	154	377	6.27	427	55.3	41.9	12.95	20.68	0.95
240423	223	630	6.11	490	68.7	66.6	16.30	20.30	1.13
240424	140	326	6.32	550	49.7	93.2	20.37	15.18	1.87
240426	207	572	6.44	407	68.3	57.0	16.83	18.70	0.92
240427	148	355	6.59	509	46.8	81.7	18.05	21.86	1.34
240428	211	586	6.19	480	24.7	70.2	19.69	20.24	1.35
240430	143	337	6.31	456	26.8	55.8	19.77	20.78	1.32
240431	206	568	6.23	497	64.1	58.8	21.85	13.68	1.35
240432	212	590	6.29	424	49.9	61.9	19.42	16.94	1.58
240434	233	667	6.27	645	69.4	86.1	28.02	29.62	2.33
240435	167	425	6.15	542	64.2	84.6	24.63	29.30	2.34
240436	143	337	5.45	471	50.6	73.9	22.92	26.72	2.10
240438	128	282	6.88	283	45.7	40.3	22.92	20.92	1.70
240439	211	586	6.51	325	29.8	48.6	11.13	22.57	1.30
240440	136	311	6.60	369	28.6	58.7	11.50	25.44	2.52
240442	184	487	5.90	488	104.8	91.4	38.55	8.86	1.32
240443	171	439	5.64	299	114.6	48.2	32.24	18.01	1.13
240444	205	564	5.96	724	101.2	69.5	30.30	9.12	5.04
240446	149	359	5.33	228	78.7	56.1	12.85	3.10	0.64
240447	164	414	5.50	373	89.7	101.3	16.63	3.12	0.82
240448	166	421	6.47	424	52.0	75.4	23.02	8.34	0.92
240450	186	495	6.18	360	19.8	48.8	15.78	13.96	1.14
240451	153	373	5.90	370	32.4	55.7	16.40	16.18	1.33
240452	172	443	6.26	384	21.6	43.4	14.23	10.28	1.36
240454	165	417	6.51	593	75.7	73.8	21.03	19.58	1.88
240455	177	461	6.29	441	46.4	61.8	19.47	11.71	1.94
240456	199	542	6.14	686	46.9	68.4	16.45	29.40	4.28
240458	150	362	5.59	273	24.2	21.9	13.06	29.85	3.18
240459	165	417	6.26	413	31.6	43.1	16.65	27.66	1.50
240460	121	256	6.56	467	53.1	63.9	14.01	29.41	2.97
240462	204	561	6.00	549	30.4	99.8	15.33	38.52	2.08
240463	240	693	6.10	583	45.9	50.2	16.64	41.51	2.33
240464	215	601	6.95	622	39.4	73.4	13.09	34.47	4.90
240466	206	568	6.35	681	34.0	29.4	29.22	9.42	2.17
240467	230	656	6.18	751	54.0	45.5	32.39	11.26	3.37
240468	701	2033	4.79	596	101.6	104.6	46.82	11.77	5.48
240470	162	406	5.17	120	29.6	41.5	8.73	2.49	0.24
240471	225	638	5.12	177	41.1	58.4	14.25	3.10	0.47
240472	145	344	6.72	450	29.8	68.3	14.80	23.16	2.01
240474	156	384	5.63	328	19.2	44.3	14.98	19.81	3.88
240475	223	630	6.34	550	30.8	78.0	17.79	20.52	2.04
240476	166	421	6.20	310	39.1	39.6	11.78	8.32	1.55
240478	217	608	6.47	432	51.1	85.5	13.63	12.65	1.11
240479	206	568	5.82	351	44.9	48.3	17.27	12.51	2.10
240480	223	630	5.90	543	68.5	100.8	14.45	10.32	1.78
240482	249	726	5.83	484	45.6	114.3	16.89	25.17	1.77
240483	228	649	5.70	301	47.6	40.4	15.03	20.94	1.61
240484	203	557	5.81	303	33.1	40.5	14.31	14.86	1.89
240486	202	553	6.06	452	46.4	58.9	20.18	36.06	2.29
240487	211	586	5.93	420	39.7	44.6	18.45	35.20	2.04
240488	178	465	6.33	737	96.5	97.7	30.83	31.28	2.34
240490	324	940	5.45	594	94.6	107.6	10.39	3.70	1.75
240491	203	557	5.25	430	77.6	84.7	11.58	3.33	1.34
240492	210	583	5.80	418	93.5	41.1	22.96	14.65	1.17
240494	322	934	6.19	611	129.9	67.8	29.90	24.04	2.81
240495	228	649	5.99	485	96.3	78.4	24.93	20.76	2.41
240496	177	461	5.24	305	68.9	82.5	8.15	3.61	0.84
240498	200	546	5.76	381	22.2	49.4	10.66	10.23	1.72
240499	220	619	6.07	418	49.6	70.2	12.30	13.95	1.66
240500	433	1256	6.06	1462	165.3	283.0	52.40	49.45	4.93
240502	154	377	5.92	242	26.1	39.8	11.51	16.99	0.86
240503	164	414	6.08	274	28.1	46.8	12.83	14.27	0.92
240504	166	421	5.75	271	32.3	50.0	17.06	1.62	0.94
240506	151	366	5.93	411	29.7	116.6	8.16	16.61	1.06
240507	157	388	6.19	261	38.0	39.0	7.30	11.87	1.04
240508	157	388	6.22	497	61.0	112.1	13.77	9.60	1.28
240510	164	414	5.85	274	29.2	39.2	10.88	16.60	1.73
240511	183	484	5.85	334	42.7	42.1	13.89	16.33	2.24
240512	153	373	6.12	288	48.6	55.1	11.52	16.58	1.60
240514	228	649	6.40	618	61.7	92.0	33.09	18.68	1.91
240515	248	722	6.46	600	93.7	107.6	30.26	20.32	1.82
240516	206	568	5.20	259	81.3	33.1	18.76	13.75	3.18
240518	208	575	6.20	520	76.2	89.8	25.74	16.40	2.27
240519	223	630	5.89	391	51.6	81.5	19.16	10.91	1.84
240520	214	597	5.91	512	79.1	68.8	27.36	16.68	1.80
240522	175	454	5.91	378	43.3	35.8	21.31	11.47	1.45
240523	181	476	5.84	322	43.4	38.7	20.58	9.30	1.28
240524	199	542	5.50	293	56.1	35.8	24.94	9.59	1.95
240526	161	403	6.02	433	45.2	52.7	19.18	10.55	1.56
240527	152	370	5.92	316	35.7	44.3	16.62	9.23	1.87
240528	160	399	6.27	469	44.9	75.1	14.78	23.67	1.71
240530	211	586	6.70	720	95.2	102.7	17.66	20.76	2.75
240531	204	561	6.60	622	55.0	107.4	15.33	13.32	1.87
240532	168	428	6.69	443	33.7	57.3	14.99	14.65	1.79
240534	133	300	6.38	431	43.2	34.9	15.95	17.12	2.43
240535	138	318	6.36	406	37.4	49.1	17.25	15.13	1.55
240536	153	373	5.99	360	29.9	45.5	15.47	11.33	2.11
240538	171	439	6.16	275	36.0	58.0	10.62	6.21	1.16
240539	157	388	6.06	289	39.1	54.2	11.36	4.45	1.08
240540	218	612	5.09	267	115.1	88.2	13.82	8.17	1.45
240542	186	495	5.48	349	43.6	33.4	14.19	17.88	2.63
240543	174	450	5.56	294	43.1	32.0	12.54	17.16	2.25
240544	199	542	5.59	262	78.5	54.9	13.28	4.22	0.47
240546	217	608	5.24	251	56.0	26.2	23.11	17.42	2.32
240547	207	572	5.22	253	43.3	22.4	19.41	23.39	2.33
240548	112	223	5.48	131	10.8	14.0	7.03	5.10	1.01
240550	200	546	5.97	405	36.9	28.9	20.60	11.10	1.43
240551	184	487	6.09	409	46.9	46.9	21.37	14.26	1.43
240552	207	572	6.10	407	60.4	45.2	23.69	11.03	2.03
240554	207	572	6.28	407	57.4	43.9	20.50	8.61	0.40
240555	216	605	6.06	327	81.3	77.4	16.11	4.92	0.38
240556	167	425	5.62	292	29.8	38.4	18.72	7.45	2.89
240558	156	384	5.78	302	29.6	34.5	16.39	10.33	2.21
240559	143	337	6.04	267	36.9	37.5	14.50	9.89	2.18
240560	148	355	6.55	325	32.4	61.8	10.63	3.90	1.01
240562	134	304	6.29	232	44.8	43.2	11.82	17.29	1.24
240563	137	315	6.22	183	19.6	29.7	9.27	14.09	0.95
240564	139	322	6.56	320	27.6	40.5	11.42	15.35	1.49
240566	133	300	6.27	250	25.0	43.5	11.07	11.32	2.08
240567	125	271	6.20	222	19.1	29.1	9.88	11.50	1.35
240568	240	693	5.93	525	245.0	52.5	26.36	17.60	3.35
240570	180	473	5.59	324	25.2	36.2	15.58	9.79	2.74
240571	158	392	5.96	266	27.6	36.1	11.94	13.32	6.07
240572	150	362	5.64	178	57.5	23.6	10.07	3.30	0.76
240574	169	432	6.14	338	53.7	46.1	12.95	4.94	2.03
240575	160	399	5.93	270	58.1	43.0	12.77	6.52	2.47
240576	195	528	5.79	354	42.4	63.1	18.60	10.87	2.13
240578	134	304	6.55	396	30.4	87.8	8.45	18.89	1.56
240579	159	395	6.42	372	49.9	50.8	10.57	20.40	1.46
240580	146	348	6.20	294	114.8	36.0	9.86	11.72	2.37
240595	375	1088	5.56	644	126.7	57.6	38.23	45.54	4.60
240596	338	980	5.53	541	87.5	58.8	35.16	40.16	3.28
240597	295	856	6.12	592	139.3	82.6	31.51	55.32	2.51
240599	203	557	5.90	486	56.2	54.9	18.66	13.10	2.53
240600	163	410	6.01	268	60.1	37.8	16.90	12.12	1.24
240601	189	506	5.78	360	54.1	47.5	20.10	15.44	5.30
240603	184	487	5.52	238	43.0	32.8	19.28	8.26	1.53
240604	188	502	5.52	239	49.5	30.6	19.69	9.69	1.56
240605	196	531	6.41	327	149.2	44.0	20.60	15.66	2.25
240607	191	513	6.41	402	93.7	46.4	21.71	15.29	2.05
240608	170	436	6.33	401	49.9	57.3	18.69	15.51	1.50
240609	230	656	6.54	625	70.9	112.0	25.24	23.46	2.33
240611	171	439	7.14	551	86.0	94.9	21.98	16.20	3.02
240612	192	517	6.69	525	82.6	86.6	25.09	19.74	2.79
240613	225	638	6.47	551	88.4	89.4	22.21	35.10	2.78
240615	161	403	6.36	285	58.6	56.1	12.61	19.63	1.39
240616	176	458	6.21	370	61.7	84.0	13.73	20.73	1.39
240617	139	322	6.42	206	65.0	28.7	10.24	12.59	3.29
240619	175	454	6.56	416	72.4	54.4	18.43	9.13	2.00
240620	180	473	6.39	431	72.5	56.2	18.93	11.12	2.06
240621	162	406	6.63	359	73.0	57.2	16.38	10.13	1.40
240623	169	432	6.36	291	114.7	39.8	13.74	13.01	2.54
240624	145	344	6.14	317	81.1	46.3	15.24	13.40	3.10
240625	203	557	6.75	669	152.8	88.1	21.24	22.75	3.94
240627	190	509	6.82	544	128.5	106.6	21.19	21.91	2.10
240628	217	608	6.54	446	95.4	85.5	18.48	19.11	1.46
240629	232	663	6.22	576	118.9	80.8	25.81	39.13	3.71
240631	173	447	6.61	381	124.7	47.7	20.19	21.68	1.70
240632	173	447	6.11	372	92.1	53.4	21.95	18.54	1.96
240633	182	480	6.26	327	76.1	52.3	18.55	12.75	1.87
240635	169	432	5.64	293	69.6	31.4	18.63	24.79	2.25
240636	194	524	5.66	270	61.1	32.2	21.77	15.88	1.78
240637	189	506	6.83	434	141.6	73.9	18.77	18.66	6.29
240639	156	384	6.13	301	51.4	55.0	14.76	20.64	9.98
240640	172	443	6.28	359	48.1	56.2	15.92	18.47	7.05
240641	237	682	6.26	697	78.3	105.5	25.53	35.74	3.98
240643	133	300	7.13	609	105.1	114.9	24.97	19.06	3.34
240644	142	333	6.86	516	68.7	85.5	22.41	18.00	2.43
240645	198	539	6.97	530	79.9	82.6	21.21	17.16	2.44
240647	194	524	7.28	620	74.1	144.6	17.82	33.91	2.15
240648	202	553	6.75	544	64.2	89.5	18.86	32.35	2.29
240649	166	421	6.54	310	87.0	43.8	16.68	16.53	1.79
240651	131	293	6.37	281	29.9	42.7	9.89	12.10	1.84
240652	155	381	6.56	250	55.0	39.6	10.34	15.87	1.33
240653	164	414	6.00	304	75.4	41.7	12.11	16.62	1.97
240655	205	564	6.01	463	97.5	95.3	17.89	27.78	3.79
240656	208	575	5.95	341	66.0	47.6	17.05	24.29	2.65
240657	215	601	6.47	564	152.6	66.4	22.15	36.03	3.99
240659	243	704	5.83	506	135.6	59.5	29.33	29.10	3.24
240660	236	678	5.68	458	87.9	52.1	26.43	34.62	2.92
240661	177	461	6.86	607	117.3	110.3	23.83	31.63	2.13
240663	203	557	5.65	359	71.3	45.2	19.32	22.60	3.68
240664	155	381	5.90	307	49.6	38.0	17.49	23.20	3.84
240665	277	803	5.55	409	84.3	36.2	25.72	34.87	3.57
240667	204	561	5.68	324	58.4	34.8	22.25	16.34	2.09
240668	195	528	5.73	282	68.6	31.3	19.57	19.10	1.42
240669	182	480	5.96	317	62.8	27.6	17.79	18.40	1.72
240671	211	586	6.82	533	95.9	64.1	16.74	24.73	2.12
240672	195	528	6.45	784	105.1	71.6	17.92	162.52	2.58
240673	197	535	6.80	473	81.4	71.7	14.96	18.45	3.15
240675	171	439	7.02	617	163.5	65.7	20.15	25.26	3.10
240676	196	531	6.91	569	76.7	95.0	16.97	18.13	2.03
240677	193	520	7.02	764	84.5	95.9	19.08	30.59	3.28
240679	149	359	6.78	310	33.0	50.1	13.69	18.80	2.09
240680	154	377	6.61	354	51.3	58.4	16.39	17.95	2.20
240681	199	542	6.91	500	132.4	52.6	15.63	24.44	3.19
240683	187	498	6.16	425	71.3	53.3	14.62	12.74	2.51
240684	184	487	6.63	432	96.6	51.5	13.91	19.38	2.13
